{
"type": "FeatureCollection",
"name": "mz_evwgs84",
"crs": { "type": "name", "properties": { "name": "urn:ogc:def:crs:OGC:1.3:CRS84" } },
"features": [
{ "type": "Feature", "properties": { "fid": 1, "manzana": "Fraccion 4", "evev": null }, "geometry": { "type": "MultiPolygon", "coordinates": [ [ [ [ -69.275314218481014, -51.674795872511062, 0.0 ], [ -69.275281255415692, -51.673044713246185, 0.0 ], [ -69.275278269714008, -51.672886090797334, 0.0 ], [ -69.279545978209782, -51.672854952552207, 0.0 ], [ -69.279582114217774, -51.674764732644292, 0.0 ], [ -69.275314218481014, -51.674795872511062, 0.0 ] ] ] ] } },
{ "type": "Feature", "properties": { "fid": 2, "manzana": null, "evev": "espacio verde" }, "geometry": { "type": "MultiPolygon", "coordinates": [ [ [ [ -69.281677928258389, -51.670929293681887, 0.0 ], [ -69.281714152078877, -51.67283907361432, 0.0 ], [ -69.280066195545785, -51.672851146314621, 0.0 ], [ -69.28012209145318, -51.672824309899021, 0.0 ], [ -69.280177232114639, -51.672796876148716, 0.0 ], [ -69.280231601020432, -51.672768853278392, 0.0 ], [ -69.280285181891941, -51.672740249679102, 0.0 ], [ -69.280337958686616, -51.672711073915828, 0.0 ], [ -69.280389915602782, -51.672681334724814, 0.0 ], [ -69.280441037084344, -51.672651041010994, 0.0 ], [ -69.280491307825457, -51.672620201845348, 0.0 ], [ -69.280540712775121, -51.672588826462167, 0.0 ], [ -69.280589237141669, -51.672556924256277, 0.0 ], [ -69.280636866397217, -51.672524504780213, 0.0 ], [ -69.280683586281938, -51.672491577741425, 0.0 ], [ -69.280729382808474, -51.672458152999269, 0.0 ], [ -69.280774242265991, -51.672424240562144, 0.0 ], [ -69.280818151224338, -51.672389850584437, 0.0 ], [ -69.280861096538047, -51.672354993363513, 0.0 ], [ -69.28090306535033, -51.672319679336603, 0.0 ], [ -69.280944045096845, -51.672283919077714, 0.0 ], [ -69.280984023509475, -51.672247723294447, 0.0 ], [ -69.281022988620052, -51.672211102824747, 0.0 ], [ -69.281060928763907, -51.672174068633737, 0.0 ], [ -69.281097832583299, -51.672136631810346, 0.0 ], [ -69.281133689030924, -51.672098803564133, 0.0 ], [ -69.281168487373151, -51.672060595221673, 0.0 ], [ -69.281202217193254, -51.672022018223466, 0.0 ], [ -69.28123486839452, -51.671983084120285, 0.0 ], [ -69.281266431203264, -51.671943804569821, 0.0 ], [ -69.281296896171796, -51.671904191333198, 0.0 ], [ -69.281326254181167, -51.671864256271384, 0.0 ], [ -69.281354496443996, -51.671824011341641, 0.0 ], [ -69.281381614506969, -51.671783468594093, 0.0 ], [ -69.281407600253559, -51.671742640167899, 0.0 ], [ -69.281432445906219, -51.671701538287778, 0.0 ], [ -69.281456144028894, -51.671660175260264, 0.0 ], [ -69.281478687529187, -51.671618563470048, 0.0 ], [ -69.281500069660396, -51.671576715376283, 0.0 ], [ -69.281520284023685, -51.671534643508863, 0.0 ], [ -69.281539324569849, -51.671492360464612, 0.0 ], [ -69.281557185601244, -51.671449878903552, 0.0 ], [ -69.281573861773381, -51.671407211545088, 0.0 ], [ -69.281589348096617, -51.671364371164302, 0.0 ], [ -69.281603639937586, -51.671321370587975, 0.0 ], [ -69.281616733020556, -51.671278222690795, 0.0 ], [ -69.28162862342883, -51.671234940391585, 0.0 ], [ -69.281639307605758, -51.67119153664936, 0.0 ], [ -69.281648782355916, -51.671148024459406, 0.0 ], [ -69.281657044846, -51.671104416849495, 0.0 ], [ -69.281664092605666, -51.671060726875929, 0.0 ], [ -69.281669923528341, -51.671016967619579, 0.0 ], [ -69.281674535871716, -51.670973152182107, 0.0 ], [ -69.281677928258389, -51.670929293681887, 0.0 ] ] ] ] } },
{ "type": "Feature", "properties": { "fid": 3, "manzana": null, "evev": "espacio verde" }, "geometry": { "type": "MultiPolygon", "coordinates": [ [ [ [ -69.281677928258389, -51.670929293681887, 0.0 ], [ -69.281714152078877, -51.67283907361432, 0.0 ], [ -69.280066195545785, -51.672851146314621, 0.0 ], [ -69.28012209145318, -51.672824309899021, 0.0 ], [ -69.280177232114639, -51.672796876148716, 0.0 ], [ -69.280231601020432, -51.672768853278392, 0.0 ], [ -69.280285181891941, -51.672740249679102, 0.0 ], [ -69.280337958686616, -51.672711073915828, 0.0 ], [ -69.280389915602782, -51.672681334724814, 0.0 ], [ -69.280441037084344, -51.672651041010994, 0.0 ], [ -69.280491307825457, -51.672620201845348, 0.0 ], [ -69.280540712775121, -51.672588826462167, 0.0 ], [ -69.280589237141669, -51.672556924256277, 0.0 ], [ -69.280636866397217, -51.672524504780213, 0.0 ], [ -69.280683586281938, -51.672491577741425, 0.0 ], [ -69.280729382808474, -51.672458152999269, 0.0 ], [ -69.280774242265991, -51.672424240562144, 0.0 ], [ -69.280818151224338, -51.672389850584437, 0.0 ], [ -69.280861096538047, -51.672354993363513, 0.0 ], [ -69.28090306535033, -51.672319679336603, 0.0 ], [ -69.280944045096845, -51.672283919077714, 0.0 ], [ -69.280984023509475, -51.672247723294447, 0.0 ], [ -69.281022988620052, -51.672211102824747, 0.0 ], [ -69.281060928763907, -51.672174068633737, 0.0 ], [ -69.281097832583299, -51.672136631810346, 0.0 ], [ -69.281133689030924, -51.672098803564133, 0.0 ], [ -69.281168487373151, -51.672060595221673, 0.0 ], [ -69.281202217193254, -51.672022018223466, 0.0 ], [ -69.28123486839452, -51.671983084120285, 0.0 ], [ -69.281266431203264, -51.671943804569821, 0.0 ], [ -69.281296896171796, -51.671904191333198, 0.0 ], [ -69.281326254181167, -51.671864256271384, 0.0 ], [ -69.281354496443996, -51.671824011341641, 0.0 ], [ -69.281381614506969, -51.671783468594093, 0.0 ], [ -69.281407600253559, -51.671742640167899, 0.0 ], [ -69.281432445906219, -51.671701538287778, 0.0 ], [ -69.281456144028894, -51.671660175260264, 0.0 ], [ -69.281478687529187, -51.671618563470048, 0.0 ], [ -69.281500069660396, -51.671576715376283, 0.0 ], [ -69.281520284023685, -51.671534643508863, 0.0 ], [ -69.281539324569849, -51.671492360464612, 0.0 ], [ -69.281557185601244, -51.671449878903552, 0.0 ], [ -69.281573861773381, -51.671407211545088, 0.0 ], [ -69.281589348096617, -51.671364371164302, 0.0 ], [ -69.281603639937586, -51.671321370587975, 0.0 ], [ -69.281616733020556, -51.671278222690795, 0.0 ], [ -69.28162862342883, -51.671234940391585, 0.0 ], [ -69.281639307605758, -51.67119153664936, 0.0 ], [ -69.281648782355916, -51.671148024459406, 0.0 ], [ -69.281657044846, -51.671104416849495, 0.0 ], [ -69.281664092605666, -51.671060726875929, 0.0 ], [ -69.281669923528341, -51.671016967619579, 0.0 ], [ -69.281674535871716, -51.670973152182107, 0.0 ], [ -69.281677928258389, -51.670929293681887, 0.0 ] ] ] ] } },
{ "type": "Feature", "properties": { "fid": 4, "manzana": "4334", "evev": "espacio verde" }, "geometry": { "type": "MultiPolygon", "coordinates": [ [ [ [ -69.277076062200578, -51.661377369788219, 0.0 ], [ -69.276372052452999, -51.6613854127202, 0.0 ], [ -69.275480557933818, -51.661395742540648, 0.0 ], [ -69.275404514056035, -51.661350179010661, 0.0 ], [ -69.275397726886538, -51.661126162807491, 0.0 ], [ -69.275454447476946, -51.661089548212459, 0.0 ], [ -69.275770240488399, -51.661037123466649, 0.0 ], [ -69.275990093903303, -51.660960921112078, 0.0 ], [ -69.27611668347015, -51.660908508868211, 0.0 ], [ -69.276187242162109, -51.660872987117642, 0.0 ], [ -69.276285378672796, -51.660806559799248, 0.0 ], [ -69.276369713041731, -51.660747398635934, 0.0 ], [ -69.276459128077605, -51.660682446826414, 0.0 ], [ -69.276535770259343, -51.660624839128666, 0.0 ], [ -69.276601834085611, -51.660573665461499, 0.0 ], [ -69.2767180124373, -51.660505336693447, 0.0 ], [ -69.276843806892984, -51.660444319062151, 0.0 ], [ -69.276970500781246, -51.660389640187134, 0.0 ], [ -69.279615920076779, -51.660358933563806, 0.0 ], [ -69.279716389528119, -51.660413809864238, 0.0 ], [ -69.279840311810787, -51.660497751617093, 0.0 ], [ -69.279981834900099, -51.6605781794282, 0.0 ], [ -69.280173454793442, -51.660675011062146, 0.0 ], [ -69.280373662875974, -51.660770938523704, 0.0 ], [ -69.280589027056649, -51.660868499780818, 0.0 ], [ -69.280815357649658, -51.660965133763177, 0.0 ], [ -69.280845548571548, -51.661969293832321, 0.0 ], [ -69.280788596832039, -51.662006062356447, 0.0 ], [ -69.280613139365741, -51.661966982039381, 0.0 ], [ -69.280505621649993, -51.661943034041585, 0.0 ], [ -69.2802529063446, -51.661886744917702, 0.0 ], [ -69.279688912709759, -51.661761120032651, 0.0 ], [ -69.279150999673902, -51.661641301208256, 0.0 ], [ -69.278923150014137, -51.661590547314269, 0.0 ], [ -69.27871496971936, -51.661544174318003, 0.0 ], [ -69.278578172133592, -51.661513701853892, 0.0 ], [ -69.278432674584039, -51.661488672355759, 0.0 ], [ -69.278208999273517, -51.661456425504909, 0.0 ], [ -69.278010646960766, -51.66143253794948, 0.0 ], [ -69.277726236697333, -51.661405831852143, 0.0 ], [ -69.27761523717902, -51.661397783253911, 0.0 ], [ -69.277444362897839, -51.661387968185807, 0.0 ], [ -69.277220537321838, -51.661381547850489, 0.0 ], [ -69.277076062200578, -51.661377369788219, 0.0 ] ] ] ] } },
{ "type": "Feature", "properties": { "fid": 5, "manzana": "4335", "evev": "espacio verde" }, "geometry": { "type": "MultiPolygon", "coordinates": [ [ [ [ -69.281308144655156, -51.662121698252307, 0.0 ], [ -69.28120530608966, -51.6620988762919, 0.0 ], [ -69.281137479217108, -51.66206371213439, 0.0 ], [ -69.281107706389193, -51.661139600529019, 0.0 ], [ -69.28116442238354, -51.661102983183568, 0.0 ], [ -69.281254876026836, -51.6611366228842, 0.0 ], [ -69.281390432093744, -51.661185493986878, 0.0 ], [ -69.281496674751168, -51.66122227974752, 0.0 ], [ -69.281634111999921, -51.661268645018481, 0.0 ], [ -69.281764573127276, -51.661310965464445, 0.0 ], [ -69.281890086736425, -51.661350249361213, 0.0 ], [ -69.281984712670749, -51.661378854159587, 0.0 ], [ -69.282148963580298, -51.661426941424899, 0.0 ], [ -69.282280561436863, -51.66146362836723, 0.0 ], [ -69.282467600489468, -51.66151310586789, 0.0 ], [ -69.28265214941932, -51.661559455458061, 0.0 ], [ -69.282713406442284, -51.661596151638214, 0.0 ], [ -69.282737220969878, -51.662387122623969, 0.0 ], [ -69.282680504647075, -51.66242374072133, 0.0 ], [ -69.282421542550864, -51.662363297407666, 0.0 ], [ -69.282196961910898, -51.662313643050645, 0.0 ], [ -69.282083814486299, -51.662289231864371, 0.0 ], [ -69.281968623154853, -51.662264622819407, 0.0 ], [ -69.281788898538551, -51.662226541121832, 0.0 ], [ -69.281575502303554, -51.662180335763679, 0.0 ], [ -69.281308144655156, -51.662121698252307, 0.0 ] ] ] ] } },
{ "type": "Feature", "properties": { "fid": 6, "manzana": "4336", "evev": "espacio verde" }, "geometry": { "type": "MultiPolygon", "coordinates": [ [ [ [ -69.284772530603306, -51.662773496953754, 0.0 ], [ -69.284715815443818, -51.662810116029718, 0.0 ], [ -69.284584767038638, -51.662797112816151, 0.0 ], [ -69.284457327444443, -51.662784617667661, 0.0 ], [ -69.284315483179341, -51.662763844418841, 0.0 ], [ -69.284107952426197, -51.66273047077668, 0.0 ], [ -69.283984792634513, -51.662706060052912, 0.0 ], [ -69.283837071519827, -51.662681472481708, 0.0 ], [ -69.283607885378885, -51.662635080937079, 0.0 ], [ -69.28339356335735, -51.662584208912477, 0.0 ], [ -69.283233611214627, -51.662550790951698, 0.0 ], [ -69.283174729879534, -51.662515519188624, 0.0 ], [ -69.283150871565283, -51.661723350378651, 0.0 ], [ -69.283207586635839, -51.661686732051635, 0.0 ], [ -69.283322191636074, -51.661710058514714, 0.0 ], [ -69.283537874220855, -51.661752700263285, 0.0 ], [ -69.283848780017479, -51.661809287341512, 0.0 ], [ -69.284058082469983, -51.661843494521143, 0.0 ], [ -69.284350193500075, -51.661886978683256, 0.0 ], [ -69.284691725330063, -51.661930938846155, 0.0 ], [ -69.284748142859613, -51.661964733750203, 0.0 ], [ -69.284772530603306, -51.662773496953754, 0.0 ] ] ] ] } },
{ "type": "Feature", "properties": { "fid": 7, "manzana": "4339", "evev": "espacio verde" }, "geometry": { "type": "MultiPolygon", "coordinates": [ [ [ [ -69.287779632409936, -51.66182302475768, 0.0 ], [ -69.287724303793212, -51.661858752283699, 0.0 ], [ -69.287117176447666, -51.661865846352384, 0.0 ], [ -69.287058292994914, -51.661830576535309, 0.0 ], [ -69.287033987666135, -51.661025868600319, 0.0 ], [ -69.287089257272612, -51.660990142079029, 0.0 ], [ -69.287696458921445, -51.660983924006139, 0.0 ], [ -69.287755341768403, -51.661019193509311, 0.0 ], [ -69.287779632409936, -51.66182302475768, 0.0 ] ] ] ] } },
{ "type": "Feature", "properties": { "fid": 8, "manzana": "4337", "evev": "espacio verde" }, "geometry": { "type": "MultiPolygon", "coordinates": [ [ [ [ -69.28594936056443, -51.662032408778479, 0.0 ], [ -69.286093431169135, -51.662038245793937, 0.0 ], [ -69.28622045713945, -51.662042289056672, 0.0 ], [ -69.286350618982766, -51.662045019607987, 0.0 ], [ -69.28651594354406, -51.662047876173609, 0.0 ], [ -69.286643608319125, -51.662049238282009, 0.0 ], [ -69.286703211518201, -51.662087304670678, 0.0 ], [ -69.286726777041252, -51.662867689816402, 0.0 ], [ -69.286670116790319, -51.662906079348772, 0.0 ], [ -69.286449402091009, -51.662901373467058, 0.0 ], [ -69.286274851672218, -51.662899869149122, 0.0 ], [ -69.286026725120152, -51.662893359247967, 0.0 ], [ -69.285880246139612, -51.662888156315432, 0.0 ], [ -69.28573052004316, -51.662881291102074, 0.0 ], [ -69.285533750700964, -51.66287181682209, 0.0 ], [ -69.285352138292822, -51.66286097983469, 0.0 ], [ -69.285221092087255, -51.662850923035236, 0.0 ], [ -69.2851215928047, -51.662844657860141, 0.0 ], [ -69.285062709625606, -51.662809387048121, 0.0 ], [ -69.285038630741681, -51.662011031627436, 0.0 ], [ -69.285094921355579, -51.661973760347664, 0.0 ], [ -69.285278925779167, -51.6619900150137, 0.0 ], [ -69.28541834120611, -51.662001026139336, 0.0 ], [ -69.285555793451636, -51.662010453704042, 0.0 ], [ -69.285673008746755, -51.662018189815932, 0.0 ], [ -69.285809703317852, -51.662025637150386, 0.0 ], [ -69.28594936056443, -51.662032408778479, 0.0 ] ] ] ] } },
{ "type": "Feature", "properties": { "fid": 9, "manzana": null, "evev": "espacio verde" }, "geometry": { "type": "MultiPolygon", "coordinates": [ [ [ [ -69.283911601563318, -51.662881500043866, 0.0 ], [ -69.284025550824737, -51.662901660967819, 0.0 ], [ -69.284154753265483, -51.662924073165087, 0.0 ], [ -69.284352357174967, -51.662955578755572, 0.0 ], [ -69.283246194855039, -51.662968575949598, 0.0 ], [ -69.283187312967485, -51.662933304196223, 0.0 ], [ -69.283182787024487, -51.662783011249594, 0.0 ], [ -69.283239502707644, -51.662746393351711, 0.0 ], [ -69.283371438154347, -51.662773908469127, 0.0 ], [ -69.283484043306743, -51.662797392112779, 0.0 ], [ -69.283641779512934, -51.662830287550463, 0.0 ], [ -69.283784591388596, -51.662859028114603, 0.0 ], [ -69.283911601563318, -51.662881500043866, 0.0 ] ] ] ] } },
{ "type": "Feature", "properties": { "fid": 10, "manzana": null, "evev": "espacio verde" }, "geometry": { "type": "MultiPolygon", "coordinates": [ [ [ [ -69.27978846157869, -51.661949931302871, 0.0 ], [ -69.279241528644349, -51.661956289823998, 0.0 ], [ -69.279183233307009, -51.661921364809736, 0.0 ], [ -69.27917896315239, -51.661814167928341, 0.0 ], [ -69.27978846157869, -51.661949931302871, 0.0 ] ] ] ] } },
{ "type": "Feature", "properties": { "fid": 11, "manzana": "505", "evev": "espacio verde" }, "geometry": { "type": "MultiPolygon", "coordinates": [ [ [ [ -69.275601776213961, -51.667880192404539, 0.0 ], [ -69.275658505053087, -51.667843577741102, 0.0 ], [ -69.2761209942298, -51.667838219654989, 0.0 ], [ -69.276179877016773, -51.667873494919888, 0.0 ], [ -69.27624370441508, -51.670003189434581, 0.0 ], [ -69.276186973357966, -51.670039804370347, 0.0 ], [ -69.275724461771205, -51.670045162747165, 0.0 ], [ -69.275665575524428, -51.670009886677228, 0.0 ], [ -69.275601776213961, -51.667880192404539, 0.0 ] ] ] ] } },
{ "type": "Feature", "properties": { "fid": 12, "manzana": "5111", "evev": "espacio verde" }, "geometry": { "type": "MultiPolygon", "coordinates": [ [ [ [ -69.283154434935611, -51.669530912268634, 0.0 ], [ -69.283236809292092, -51.669731457437123, 0.0 ], [ -69.283333828376172, -51.669920816015484, 0.0 ], [ -69.283277103269995, -51.669957434290644, 0.0 ], [ -69.282363327728078, -51.669968123139725, 0.0 ], [ -69.282313570520429, -51.66993274730342, 0.0 ], [ -69.282285300740554, -51.668993683797346, 0.0 ], [ -69.282342198771389, -51.66895706390418, 0.0 ], [ -69.282929467796734, -51.668950226610512, 0.0 ], [ -69.282988357426476, -51.668985498519135, 0.0 ], [ -69.283040535827297, -51.669185445336851, 0.0 ], [ -69.283086505810857, -51.669343085287565, 0.0 ], [ -69.283154434935611, -51.669530912268634, 0.0 ] ] ] ] } },
{ "type": "Feature", "properties": { "fid": 13, "manzana": "5031", "evev": "espacio verde" }, "geometry": { "type": "MultiPolygon", "coordinates": [ [ [ [ -69.282912218779202, -51.668208801611833, 0.0 ], [ -69.282261901890138, -51.668216372780186, 0.0 ], [ -69.282249458180615, -51.667803004995115, 0.0 ], [ -69.282306181551917, -51.667766387128921, 0.0 ], [ -69.282840881262231, -51.667760162015163, 0.0 ], [ -69.282899769153587, -51.667795433904082, 0.0 ], [ -69.282912218779202, -51.668208801611833, 0.0 ] ] ] ] } },
{ "type": "Feature", "properties": { "fid": 14, "manzana": "84", "evev": "espacio verde" }, "geometry": { "type": "MultiPolygon", "coordinates": [ [ [ [ -69.245775291085366, -51.671263765250302, 0.0 ], [ -69.245111438553906, -51.671483253238009, 0.0 ], [ -69.245059169342426, -51.671464188723874, 0.0 ], [ -69.24503455457392, -51.670737503577328, 0.0 ], [ -69.245091143589477, -51.670700803175897, 0.0 ], [ -69.245755918103654, -51.670692095334644, 0.0 ], [ -69.245775291085366, -51.671263765250302, 0.0 ] ] ] ] } },
{ "type": "Feature", "properties": { "fid": 15, "manzana": "83", "evev": "espacio verde" }, "geometry": { "type": "MultiPolygon", "coordinates": [ [ [ [ -69.242936012511976, -51.671191216659182, 0.0 ], [ -69.242879616118287, -51.671144535241943, 0.0 ], [ -69.242866807944026, -51.670765871535629, 0.0 ], [ -69.242923398749994, -51.670729172176372, 0.0 ], [ -69.244570885087271, -51.67070761538406, 0.0 ], [ -69.244629908752145, -51.670742801966085, 0.0 ], [ -69.244655213296781, -51.671490047106246, 0.0 ], [ -69.244601249077903, -51.671515253271401, 0.0 ], [ -69.242936012511976, -51.671191216659182, 0.0 ] ] ] ] } },
{ "type": "Feature", "properties": { "fid": 16, "manzana": "82", "evev": "espacio verde" }, "geometry": { "type": "MultiPolygon", "coordinates": [ [ [ [ -69.240765741473538, -51.670768829035538, 0.0 ], [ -69.24076535455977, -51.670757374455782, 0.0 ], [ -69.242518752731897, -51.67073446329281, 0.0 ], [ -69.242577774845216, -51.670769650907815, 0.0 ], [ -69.242588536010246, -51.671087856694008, 0.0 ], [ -69.242534571118284, -51.671113061912315, 0.0 ], [ -69.240765741473538, -51.670768829035538, 0.0 ] ] ] ] } },
{ "type": "Feature", "properties": { "fid": 17, "manzana": "88", "evev": "espacio verde" }, "geometry": { "type": "MultiPolygon", "coordinates": [ [ [ [ -69.239480044393588, -51.670989589145755, 0.0 ], [ -69.239472779942119, -51.6707743447257, 0.0 ], [ -69.239803595601984, -51.670770027698403, 0.0 ], [ -69.240142949241502, -51.670836075013057, 0.0 ], [ -69.240199342442352, -51.670882757750732, 0.0 ], [ -69.240207731882393, -51.67113121670242, 0.0 ], [ -69.239480044393588, -51.670989589145755, 0.0 ] ] ] ] } },
{ "type": "Feature", "properties": { "fid": 18, "manzana": "87", "evev": "espacio verde" }, "geometry": { "type": "MultiPolygon", "coordinates": [ [ [ [ -69.242540986361405, -51.671302763858741, 0.0 ], [ -69.242597382604558, -51.6713494454374, 0.0 ], [ -69.242605785258704, -51.671597904180743, 0.0 ], [ -69.240495460763867, -51.671187214991996, 0.0 ], [ -69.24048706973835, -51.670938756065368, 0.0 ], [ -69.240541035563012, -51.670913551785759, 0.0 ], [ -69.242540986361405, -51.671302763858741, 0.0 ] ] ] ] } },
{ "type": "Feature", "properties": { "fid": 19, "manzana": "86", "evev": "espacio verde" }, "geometry": { "type": "MultiPolygon", "coordinates": [ [ [ [ -69.244607671841479, -51.671704920387697, 0.0 ], [ -69.244664070706548, -51.671751600967468, 0.0 ], [ -69.24467248474906, -51.672000059531001, 0.0 ], [ -69.242896867485939, -51.671654547984097, 0.0 ], [ -69.2428884632278, -51.671406089265943, 0.0 ], [ -69.24290483265608, -51.671373567902435, 0.0 ], [ -69.244607671841479, -51.671704920387697, 0.0 ] ] ] ] } },
{ "type": "Feature", "properties": { "fid": 20, "manzana": "85", "evev": "espacio verde" }, "geometry": { "type": "MultiPolygon", "coordinates": [ [ [ [ -69.245807729574537, -51.672220946261156, 0.0 ], [ -69.245080064153086, -51.67207935015923, 0.0 ], [ -69.245070189862631, -51.67178784944749, 0.0 ], [ -69.245120024298146, -51.671735027218823, 0.0 ], [ -69.245783824097231, -51.671515557824002, 0.0 ], [ -69.245807729574537, -51.672220946261156, 0.0 ] ] ] ] } },
{ "type": "Feature", "properties": { "fid": 21, "manzana": "30", "evev": "espacio verde" }, "geometry": { "type": "MultiPolygon", "coordinates": [ [ [ [ -69.241193329904306, -51.665097211771347, 0.0 ], [ -69.241136744699276, -51.665133910325231, 0.0 ], [ -69.239283235014824, -51.665158104762504, 0.0 ], [ -69.239249127036615, -51.664147199382647, 0.0 ], [ -69.241102595326083, -51.664123000573198, 0.0 ], [ -69.241161607736714, -51.664158188952065, 0.0 ], [ -69.241193329904306, -51.665097211771347, 0.0 ] ] ] ] } },
{ "type": "Feature", "properties": { "fid": 22, "manzana": "535", "evev": null }, "geometry": { "type": "MultiPolygon", "coordinates": [ [ [ [ -69.286382624700323, -51.675418294171031, 0.0 ], [ -69.286439354219397, -51.675381674347157, 0.0 ], [ -69.287046411692216, -51.675374586312088, 0.0 ], [ -69.287105312739726, -51.675409856026512, 0.0 ], [ -69.287133686371362, -51.676348917218107, 0.0 ], [ -69.287076956208168, -51.676385537372248, 0.0 ], [ -69.286469885225259, -51.676392625584555, 0.0 ], [ -69.286410983392088, -51.676357355558636, 0.0 ], [ -69.286382624700323, -51.675418294171031, 0.0 ] ] ] ] } },
{ "type": "Feature", "properties": { "fid": 23, "manzana": "541", "evev": null }, "geometry": { "type": "MultiPolygon", "coordinates": [ [ [ [ -69.280528840497425, -51.675486479301043, 0.0 ], [ -69.280585574833353, -51.67544986229742, 0.0 ], [ -69.281192634248271, -51.675442804510972, 0.0 ], [ -69.281251530848834, -51.675478077166808, 0.0 ], [ -69.281279783466914, -51.676417139941776, 0.0 ], [ -69.281223048486467, -51.676453757275624, 0.0 ], [ -69.280615975561304, -51.676460815238215, 0.0 ], [ -69.280557078175448, -51.676425542270785, 0.0 ], [ -69.280528840497425, -51.675486479301043, 0.0 ] ] ] ] } },
{ "type": "Feature", "properties": { "fid": 24, "manzana": "544", "evev": null }, "geometry": { "type": "MultiPolygon", "coordinates": [ [ [ [ -69.286418582554205, -51.676608970060769, 0.0 ], [ -69.28647531352803, -51.676572350224752, 0.0 ], [ -69.287082386912985, -51.676565261980933, 0.0 ], [ -69.287141289536649, -51.676600531667731, 0.0 ], [ -69.287169664753975, -51.677539592657155, 0.0 ], [ -69.287112933135958, -51.677576212823432, 0.0 ], [ -69.286505846239976, -51.677583301244489, 0.0 ], [ -69.286446942830651, -51.677548031246182, 0.0 ], [ -69.286418582554205, -51.676608970060769, 0.0 ] ] ] ] } },
{ "type": "Feature", "properties": { "fid": 25, "manzana": "539", "evev": null }, "geometry": { "type": "MultiPolygon", "coordinates": [ [ [ [ -69.283158817004946, -51.676395273052002, 0.0 ], [ -69.283102083547334, -51.676431891306244, 0.0 ], [ -69.282567281767257, -51.676438117753541, 0.0 ], [ -69.282508382923154, -51.676402845781148, 0.0 ], [ -69.28248010355621, -51.675463783338543, 0.0 ], [ -69.282536836286624, -51.675427165394836, 0.0 ], [ -69.283071626164713, -51.675420939102978, 0.0 ], [ -69.283130524192899, -51.675456210814751, 0.0 ], [ -69.283158817004946, -51.676395273052002, 0.0 ] ] ] ] } },
{ "type": "Feature", "properties": { "fid": 26, "manzana": "540", "evev": null }, "geometry": { "type": "MultiPolygon", "coordinates": [ [ [ [ -69.282291570113571, -51.676405369215438, 0.0 ], [ -69.282234835965696, -51.67644198703676, 0.0 ], [ -69.281627763375468, -51.67644905022771, 0.0 ], [ -69.281568865220891, -51.676413777768666, 0.0 ], [ -69.281540606626805, -51.67547471507168, 0.0 ], [ -69.281597340130261, -51.675438097580582, 0.0 ], [ -69.282204399210244, -51.675431034565975, 0.0 ], [ -69.282263296579487, -51.675466306713439, 0.0 ], [ -69.282291570113571, -51.676405369215438, 0.0 ] ] ] ] } },
{ "type": "Feature", "properties": { "fid": 27, "manzana": "547", "evev": null }, "geometry": { "type": "MultiPolygon", "coordinates": [ [ [ [ -69.283600021264064, -51.676641837328376, 0.0 ], [ -69.283656754557427, -51.676605218850284, 0.0 ], [ -69.28419155813674, -51.676598987440357, 0.0 ], [ -69.284250458564429, -51.676634258579845, 0.0 ], [ -69.284278775368008, -51.677573320321891, 0.0 ], [ -69.284222041347462, -51.677609939110489, 0.0 ], [ -69.283687225865421, -51.677616170676146, 0.0 ], [ -69.283628324621674, -51.677580899275974, 0.0 ], [ -69.283600021264064, -51.676641837328376, 0.0 ] ] ] ] } },
{ "type": "Feature", "properties": { "fid": 28, "manzana": "548", "evev": null }, "geometry": { "type": "MultiPolygon", "coordinates": [ [ [ [ -69.282515942850836, -51.676653924373106, 0.0 ], [ -69.282572677035603, -51.676617306417327, 0.0 ], [ -69.283107480925338, -51.67661107994244, 0.0 ], [ -69.283166380528698, -51.676646351626644, 0.0 ], [ -69.283194674920097, -51.677585413661873, 0.0 ], [ -69.283137940008089, -51.67762203192818, 0.0 ], [ -69.282603124215598, -51.677628258558599, 0.0 ], [ -69.282544223796208, -51.677592986613689, 0.0 ], [ -69.282515942850836, -51.676653924373106, 0.0 ] ] ] ] } },
{ "type": "Feature", "properties": { "fid": 29, "manzana": "545", "evev": null }, "geometry": { "type": "MultiPolygon", "coordinates": [ [ [ [ -69.285479062695458, -51.676619933329192, 0.0 ], [ -69.285535794442481, -51.676583313945819, 0.0 ], [ -69.286142868139862, -51.676576230556918, 0.0 ], [ -69.286201770049814, -51.676611500715815, 0.0 ], [ -69.286230125843986, -51.677550561960032, 0.0 ], [ -69.286173393452685, -51.677587181673694, 0.0 ], [ -69.285566306244306, -51.677594265239676, 0.0 ], [ -69.285507403548706, -51.677558994769221, 0.0 ], [ -69.285479062695458, -51.676619933329192, 0.0 ] ] ] ] } },
{ "type": "Feature", "properties": { "fid": 30, "manzana": "546", "evev": null }, "geometry": { "type": "MultiPolygon", "coordinates": [ [ [ [ -69.28446727289186, -51.676631731507406, 0.0 ], [ -69.284524005471525, -51.676595112611459, 0.0 ], [ -69.285131079505049, -51.676588034450937, 0.0 ], [ -69.285189980646393, -51.676623305118277, 0.0 ], [ -69.285218315523281, -51.677562366636607, 0.0 ], [ -69.285161582299281, -51.677598985862801, 0.0 ], [ -69.284554494754687, -51.677606064200226, 0.0 ], [ -69.284495592827795, -51.677570793221349, 0.0 ], [ -69.28446727289186, -51.676631731507406, 0.0 ] ] ] ] } },
{ "type": "Feature", "properties": { "fid": 31, "manzana": "551", "evev": null }, "geometry": { "type": "MultiPolygon", "coordinates": [ [ [ [ -69.287205644506386, -51.678730267847307, 0.0 ], [ -69.287148911433448, -51.678766888025748, 0.0 ], [ -69.286541808623355, -51.678773976655599, 0.0 ], [ -69.28648290363769, -51.678738706684918, 0.0 ], [ -69.286454541776465, -51.677799645701647, 0.0 ], [ -69.28651127420521, -51.677763025853508, 0.0 ], [ -69.287118363503353, -51.677755937400917, 0.0 ], [ -69.287177267703242, -51.677791207060061, 0.0 ], [ -69.287205644506386, -51.678730267847307, 0.0 ] ] ] ] } },
{ "type": "Feature", "properties": { "fid": 32, "manzana": "552", "evev": null }, "geometry": { "type": "MultiPolygon", "coordinates": [ [ [ [ -69.285514997290051, -51.677810609292905, 0.0 ], [ -69.285571730492009, -51.677773989897389, 0.0 ], [ -69.286178820102634, -51.677766906299937, 0.0 ], [ -69.286237723588769, -51.677802176431229, 0.0 ], [ -69.286266080967408, -51.678741237473268, 0.0 ], [ -69.286209347121144, -51.678777857199059, 0.0 ], [ -69.285602243998568, -51.678784940973642, 0.0 ], [ -69.285543339726729, -51.678749670530792, 0.0 ], [ -69.285514997290051, -51.677810609292905, 0.0 ] ] ] ] } },
{ "type": "Feature", "properties": { "fid": 33, "manzana": "549", "evev": null }, "geometry": { "type": "MultiPolygon", "coordinates": [ [ [ [ -69.281576437519348, -51.676665392622184, 0.0 ], [ -69.281633172477868, -51.676628775119056, 0.0 ], [ -69.282240247470085, -51.67662171189675, 0.0 ], [ -69.282299146415227, -51.676656984016681, 0.0 ], [ -69.282327421528123, -51.677596046316573, 0.0 ], [ -69.282270685925113, -51.677632664149968, 0.0 ], [ -69.281663597421698, -51.677639727548652, 0.0 ], [ -69.281604697691179, -51.677604455117091, 0.0 ], [ -69.281576437519348, -51.676665392622184, 0.0 ] ] ] ] } },
{ "type": "Feature", "properties": { "fid": 34, "manzana": "550", "evev": null }, "geometry": { "type": "MultiPolygon", "coordinates": [ [ [ [ -69.287538636548291, -51.67778716180802, 0.0 ], [ -69.287595368084993, -51.677750541437618, 0.0 ], [ -69.288202457024639, -51.677743447382973, 0.0 ], [ -69.288261362048303, -51.677778716497343, 0.0 ], [ -69.288289761264537, -51.678717776990169, 0.0 ], [ -69.288233029083685, -51.678754397690923, 0.0 ], [ -69.287625926632089, -51.678761491923076, 0.0 ], [ -69.287567020822635, -51.678726222497161, 0.0 ], [ -69.287538636548291, -51.67778716180802, 0.0 ] ] ] ] } },
{ "type": "Feature", "properties": { "fid": 35, "manzana": "76", "evev": null }, "geometry": { "type": "MultiPolygon", "coordinates": [ [ [ [ -69.244988944211642, -51.669389626257555, 0.0 ], [ -69.245045531588332, -51.669352925871785, 0.0 ], [ -69.245652481629293, -51.66934497564089, 0.0 ], [ -69.245711504355825, -51.669380161688835, 0.0 ], [ -69.2457471300241, -51.670431478213565, 0.0 ], [ -69.245690499164922, -51.670468206631426, 0.0 ], [ -69.245083533201424, -51.670476129948689, 0.0 ], [ -69.245024561219481, -51.670440974405324, 0.0 ], [ -69.244988944211642, -51.669389626257555, 0.0 ] ] ] ] } },
{ "type": "Feature", "properties": { "fid": 36, "manzana": "75", "evev": null }, "geometry": { "type": "MultiPolygon", "coordinates": [ [ [ [ -69.244937162834333, -51.667862032779276, 0.0 ], [ -69.244993748353878, -51.667825332411184, 0.0 ], [ -69.245600677991646, -51.667817382472656, 0.0 ], [ -69.245659698688996, -51.667852568558395, 0.0 ], [ -69.245702934044743, -51.669128531493051, 0.0 ], [ -69.245646304770872, -51.669165259895593, 0.0 ], [ -69.245039356211365, -51.669173182963512, 0.0 ], [ -69.244980385958797, -51.669138027387966, 0.0 ], [ -69.244937162834333, -51.667862032779276, 0.0 ] ] ] ] } },
{ "type": "Feature", "properties": { "fid": 37, "manzana": "78", "evev": null }, "geometry": { "type": "MultiPolygon", "coordinates": [ [ [ [ -69.242821261883108, -51.669417993297714, 0.0 ], [ -69.24287785105021, -51.669381293953961, 0.0 ], [ -69.243484801887263, -51.66937335492284, 0.0 ], [ -69.24354382297517, -51.669408542061994, 0.0 ], [ -69.24357939848997, -51.670459859304145, 0.0 ], [ -69.243522765838861, -51.670496586678944, 0.0 ], [ -69.242915799080464, -51.670504498795971, 0.0 ], [ -69.242856828736038, -51.670469342162434, 0.0 ], [ -69.242821261883108, -51.669417993297714, 0.0 ] ] ] ] } },
{ "type": "Feature", "properties": { "fid": 38, "manzana": "77", "evev": null }, "geometry": { "type": "MultiPolygon", "coordinates": [ [ [ [ -69.243789538220611, -51.669405354186758, 0.0 ], [ -69.243846126588011, -51.6693686543775, 0.0 ], [ -69.24452528943695, -51.669359764987576, 0.0 ], [ -69.244584311311343, -51.669394951602939, 0.0 ], [ -69.244619910899971, -51.670446268500967, 0.0 ], [ -69.244563279108945, -51.670482996376379, 0.0 ], [ -69.243884098553096, -51.670491858877959, 0.0 ], [ -69.243825127477152, -51.6704567027314, 0.0 ], [ -69.243789538220611, -51.669405354186758, 0.0 ] ] ] ] } },
{ "type": "Feature", "properties": { "fid": 39, "manzana": "72", "evev": null }, "geometry": { "type": "MultiPolygon", "coordinates": [ [ [ [ -69.242523686472779, -51.669170196364462, 0.0 ], [ -69.242467097295844, -51.669206895529626, 0.0 ], [ -69.241679508001738, -51.669217162807044, 0.0 ], [ -69.241620488604369, -51.669181974727827, 0.0 ], [ -69.241577366961366, -51.667905983027147, 0.0 ], [ -69.241633955255637, -51.66786928427441, 0.0 ], [ -69.242422210708526, -51.667858562604053, 0.0 ], [ -69.242481212793294, -51.667893740625658, 0.0 ], [ -69.242523686472779, -51.669170196364462, 0.0 ] ] ] ] } },
{ "type": "Feature", "properties": { "fid": 40, "manzana": "71", "evev": null }, "geometry": { "type": "MultiPolygon", "coordinates": [ [ [ [ -69.240385179669218, -51.667921555178175, 0.0 ], [ -69.240441768948017, -51.667884856998626, 0.0 ], [ -69.241230024979231, -51.667874143328028, 0.0 ], [ -69.241289026162889, -51.667909321949615, 0.0 ], [ -69.241331466353202, -51.669185778159196, 0.0 ], [ -69.241274876191568, -51.669222476751109, 0.0 ], [ -69.24048728633133, -51.669232736035319, 0.0 ], [ -69.240428267835384, -51.66919754735612, 0.0 ], [ -69.240385179669218, -51.667921555178175, 0.0 ] ] ] ] } },
{ "type": "Feature", "properties": { "fid": 41, "manzana": "74", "evev": null }, "geometry": { "type": "MultiPolygon", "coordinates": [ [ [ [ -69.244575747242123, -51.669143321317421, 0.0 ], [ -69.244519117036475, -51.669180049177754, 0.0 ], [ -69.243839955955309, -51.669188911400624, 0.0 ], [ -69.243780986608613, -51.669153755221743, 0.0 ], [ -69.243737797162453, -51.66787776013139, 0.0 ], [ -69.243794383672594, -51.667841060340024, 0.0 ], [ -69.244473523690843, -51.667832171276693, 0.0 ], [ -69.244532543536138, -51.667867357929936, 0.0 ], [ -69.244575747242123, -51.669143321317421, 0.0 ] ] ] ] } },
{ "type": "Feature", "properties": { "fid": 42, "manzana": "73", "evev": null }, "geometry": { "type": "MultiPolygon", "coordinates": [ [ [ [ -69.242769553374586, -51.667890398777018, 0.0 ], [ -69.242826140684386, -51.667853699451079, 0.0 ], [ -69.243433071118233, -51.667845760711636, 0.0 ], [ -69.243492090176872, -51.667880947888584, 0.0 ], [ -69.243535264667528, -51.669156911693698, 0.0 ], [ -69.243478633601853, -51.669193639053447, 0.0 ], [ -69.242871684247547, -51.669201550921635, 0.0 ], [ -69.24281271563234, -51.669166394255811, 0.0 ], [ -69.242769553374586, -51.667890398777018, 0.0 ] ] ] ] } },
{ "type": "Feature", "properties": { "fid": 43, "manzana": "68", "evev": null }, "geometry": { "type": "MultiPolygon", "coordinates": [ [ [ [ -69.240435700177301, -51.667705139768479, 0.0 ], [ -69.240376683710338, -51.667669951051536, 0.0 ], [ -69.24034118380942, -51.666618605112042, 0.0 ], [ -69.240397771504135, -51.666581906947549, 0.0 ], [ -69.241186004935386, -51.666571193598941, 0.0 ], [ -69.241245004389256, -51.666606372252637, 0.0 ], [ -69.241279851863084, -51.667658182289422, 0.0 ], [ -69.241223263561935, -51.667694880861596, 0.0 ], [ -69.240435700177301, -51.667705139768479, 0.0 ] ] ] ] } },
{ "type": "Feature", "properties": { "fid": 44, "manzana": "67", "evev": null }, "geometry": { "type": "MultiPolygon", "coordinates": [ [ [ [ -69.242472031905166, -51.667642601066355, 0.0 ], [ -69.242415444588616, -51.667679300211766, 0.0 ], [ -69.241627881770086, -51.667689567111459, 0.0 ], [ -69.241568864401714, -51.667654378994513, 0.0 ], [ -69.241533336920043, -51.666603033448126, 0.0 ], [ -69.241589923630144, -51.666566334710467, 0.0 ], [ -69.242378156483312, -51.666555613362483, 0.0 ], [ -69.242437156838207, -51.666590791416269, 0.0 ], [ -69.242472031905166, -51.667642601066355, 0.0 ] ] ] ] } },
{ "type": "Feature", "properties": { "fid": 45, "manzana": "70", "evev": null }, "geometry": { "type": "MultiPolygon", "coordinates": [ [ [ [ -69.240142611803421, -51.669201276692199, 0.0 ], [ -69.240085977017571, -51.669237975291281, 0.0 ], [ -69.239479027337623, -51.669245896758767, 0.0 ], [ -69.239420010519666, -51.669210734700293, 0.0 ], [ -69.239377640216176, -51.66793428741083, 0.0 ], [ -69.239434230233073, -51.667897589776118, 0.0 ], [ -69.240041161997624, -51.667889668500955, 0.0 ], [ -69.240100178491318, -51.667924857385167, 0.0 ], [ -69.240142611803421, -51.669201276692199, 0.0 ] ] ] ] } },
{ "type": "Feature", "properties": { "fid": 46, "manzana": "69", "evev": null }, "geometry": { "type": "MultiPolygon", "coordinates": [ [ [ [ -69.239427475077377, -51.667718300009426, 0.0 ], [ -69.239368460287977, -51.667683137913151, 0.0 ], [ -69.239333673244289, -51.666631336933349, 0.0 ], [ -69.239390261676888, -51.666594639313558, 0.0 ], [ -69.239997176039992, -51.666586718286197, 0.0 ], [ -69.240056190803458, -51.666621907202483, 0.0 ], [ -69.240091037280791, -51.6676736802509, 0.0 ], [ -69.240034404353963, -51.667710378832403, 0.0 ], [ -69.239427475077377, -51.667718300009426, 0.0 ] ] ] ] } },
{ "type": "Feature", "properties": { "fid": 47, "manzana": "64", "evev": null }, "geometry": { "type": "MultiPolygon", "coordinates": [ [ [ [ -69.245651172607538, -51.667600937720742, 0.0 ], [ -69.245594545192205, -51.667637666105577, 0.0 ], [ -69.244987617035719, -51.667645588881385, 0.0 ], [ -69.244928648810472, -51.667610433268045, 0.0 ], [ -69.244893036463807, -51.666559084576292, 0.0 ], [ -69.244949620399382, -51.66652238422342, 0.0 ], [ -69.245556532635902, -51.666514434533873, 0.0 ], [ -69.245615551602739, -51.666549620651914, 0.0 ], [ -69.245651172607538, -51.667600937720742, 0.0 ] ] ] ] } },
{ "type": "Feature", "properties": { "fid": 48, "manzana": "66", "evev": null }, "geometry": { "type": "MultiPolygon", "coordinates": [ [ [ [ -69.242725489152008, -51.66658744968575, 0.0 ], [ -69.242782074877567, -51.666550750374938, 0.0 ], [ -69.243388987910166, -51.666542811884014, 0.0 ], [ -69.243448005238321, -51.666577999093199, 0.0 ], [ -69.243483576098043, -51.667629316879264, 0.0 ], [ -69.243426946891034, -51.667666044221171, 0.0 ], [ -69.242820017939863, -51.667673955797937, 0.0 ], [ -69.242761051351991, -51.667638799094355, 0.0 ], [ -69.242725489152008, -51.66658744968575, 0.0 ] ] ] ] } },
{ "type": "Feature", "properties": { "fid": 49, "manzana": "65", "evev": null }, "geometry": { "type": "MultiPolygon", "coordinates": [ [ [ [ -69.24452402369603, -51.667615727002968, 0.0 ], [ -69.244467395348991, -51.667652454845452, 0.0 ], [ -69.243788257098373, -51.667661316741921, 0.0 ], [ -69.243729289779111, -51.667626160525366, 0.0 ], [ -69.243693705179169, -51.666574811436675, 0.0 ], [ -69.243750290105154, -51.666538111660415, 0.0 ], [ -69.244429410651733, -51.666529222875511, 0.0 ], [ -69.244488428766417, -51.666564409560976, 0.0 ], [ -69.24452402369603, -51.667615727002968, 0.0 ] ] ] ] } },
{ "type": "Feature", "properties": { "fid": 50, "manzana": "4", "evev": null }, "geometry": { "type": "MultiPolygon", "coordinates": [ [ [ [ -69.24625543822755, -51.671105785106356, 0.0 ], [ -69.246203148456459, -51.671086697087439, 0.0 ], [ -69.246124314998298, -51.668760970974105, 0.0 ], [ -69.246150203343845, -51.668756782894995, 0.0 ], [ -69.247710679029353, -51.670584787634432, 0.0 ], [ -69.247686717621761, -51.670633398536737, 0.0 ], [ -69.24625543822755, -51.671105785106356, 0.0 ] ] ] ] } },
{ "type": "Feature", "properties": { "fid": 51, "manzana": "3", "evev": null }, "geometry": { "type": "MultiPolygon", "coordinates": [ [ [ [ -69.246122708271756, -51.668341161874501, 0.0 ], [ -69.246146670153422, -51.668292551271563, 0.0 ], [ -69.247576565428574, -51.667820593922265, 0.0 ], [ -69.247654739690645, -51.667835492934174, 0.0 ], [ -69.24949811318497, -51.669994814567595, 0.0 ], [ -69.249474154001007, -51.670043425836447, 0.0 ], [ -69.248044208618211, -51.670515406172484, 0.0 ], [ -69.247966029613238, -51.670500507432877, 0.0 ], [ -69.246122708271756, -51.668341161874501, 0.0 ] ] ] ] } },
{ "type": "Feature", "properties": { "fid": 52, "manzana": "Frac.3e", "evev": null }, "geometry": { "type": "MultiPolygon", "coordinates": [ [ [ [ -69.245892433151369, -51.662348552383207, 0.0 ], [ -69.247179345425664, -51.661923737675075, 0.0 ], [ -69.251051990078992, -51.666460537728661, 0.0 ], [ -69.246087318406111, -51.668099319120977, 0.0 ], [ -69.245892433151369, -51.662348552383207, 0.0 ] ] ] ] } },
{ "type": "Feature", "properties": { "fid": 53, "manzana": "Frac.3f", "evev": null }, "geometry": { "type": "MultiPolygon", "coordinates": [ [ [ [ -69.245824242586693, -51.660335990216474, 0.0 ], [ -69.247179345425664, -51.661923737675075, 0.0 ], [ -69.245892433151383, -51.662348552383207, 0.0 ], [ -69.245824242586693, -51.660335990216474, 0.0 ] ] ] ] } },
{ "type": "Feature", "properties": { "fid": 54, "manzana": "2", "evev": null }, "geometry": { "type": "MultiPolygon", "coordinates": [ [ [ [ -69.247910074939057, -51.667751212834879, 0.0 ], [ -69.247934034597407, -51.667702601865372, 0.0 ], [ -69.249363892672932, -51.667230622759931, 0.0 ], [ -69.249442066501118, -51.66724552058438, 0.0 ], [ -69.251285500833163, -51.669404814304528, 0.0 ], [ -69.251261543872658, -51.669453425939885, 0.0 ], [ -69.249831635695941, -51.669925428032769, 0.0 ], [ -69.249753457124982, -51.669910530480749, 0.0 ], [ -69.247910074939057, -51.667751212834879, 0.0 ] ] ] ] } },
{ "type": "Feature", "properties": { "fid": 55, "manzana": "1", "evev": null }, "geometry": { "type": "MultiPolygon", "coordinates": [ [ [ [ -69.249697395106708, -51.667161236600229, 0.0 ], [ -69.249721352541854, -51.667112625264181, 0.0 ], [ -69.251151173417455, -51.666640624403982, 0.0 ], [ -69.251229346811584, -51.666655521040994, 0.0 ], [ -69.253072841973434, -51.668814786846966, 0.0 ], [ -69.253048887236304, -51.668863398848799, 0.0 ], [ -69.251619016266034, -51.669335422697188, 0.0 ], [ -69.251540838129202, -51.669320526332676, 0.0 ], [ -69.249697395106708, -51.667161236600229, 0.0 ] ] ] ] } },
{ "type": "Feature", "properties": { "fid": 56, "manzana": "5", "evev": null }, "geometry": { "type": "MultiPolygon", "coordinates": [ [ [ [ -69.246285481298244, -51.672030177066873, 0.0 ], [ -69.246233335757992, -51.671977209257662, 0.0 ], [ -69.24621922997521, -51.671561099427905, 0.0 ], [ -69.246269083342838, -51.671508300724554, 0.0 ], [ -69.247957807940878, -51.670950947466416, 0.0 ], [ -69.248035987719092, -51.670965846209313, 0.0 ], [ -69.249736675163561, -51.67295787009423, 0.0 ], [ -69.249708620561975, -51.672978853797453, 0.0 ], [ -69.248301714920885, -51.672704157427908, 0.0 ], [ -69.246285481298244, -51.672030177066873, 0.0 ] ] ] ] } },
{ "type": "Feature", "properties": { "fid": 57, "manzana": "6", "evev": null }, "geometry": { "type": "MultiPolygon", "coordinates": [ [ [ [ -69.248291339837024, -51.670881565304057, 0.0 ], [ -69.248315300727029, -51.67083295428116, 0.0 ], [ -69.249745253268173, -51.670360970661072, 0.0 ], [ -69.249823432612374, -51.670375868216396, 0.0 ], [ -69.251802576925641, -51.672693924474487, 0.0 ], [ -69.251778618796067, -51.67274253618956, 0.0 ], [ -69.250559425029323, -51.673144962385315, 0.0 ], [ -69.250156587543444, -51.673066314487805, 0.0 ], [ -69.248291339837024, -51.670881565304057, 0.0 ] ] ] ] } },
{ "type": "Feature", "properties": { "fid": 58, "manzana": "8", "evev": null }, "geometry": { "type": "MultiPolygon", "coordinates": [ [ [ [ -69.254035187533802, -51.672241870625228, 0.0 ], [ -69.254059142983905, -51.672193258449411, 0.0 ], [ -69.255489078363624, -51.671721205040122, 0.0 ], [ -69.255567261921698, -51.67173609876334, 0.0 ], [ -69.257985760733234, -51.674568084763919, 0.0 ], [ -69.2579577089585, -51.674589070427551, 0.0 ], [ -69.255655936124484, -51.67413983572731, 0.0 ], [ -69.254035187533802, -51.672241870625228, 0.0 ] ] ] ] } },
{ "type": "Feature", "properties": { "fid": 59, "manzana": "7", "evev": null }, "geometry": { "type": "MultiPolygon", "coordinates": [ [ [ [ -69.251002020008798, -51.673231370420034, 0.0 ], [ -69.250997925083041, -51.673203742875735, 0.0 ], [ -69.253701654487102, -51.672311269082236, 0.0 ], [ -69.253779838479716, -51.672326163993056, 0.0 ], [ -69.255236000744688, -51.674031411043799, 0.0 ], [ -69.255207948027504, -51.674052396054016, 0.0 ], [ -69.251002020008798, -51.673231370420034, 0.0 ] ] ] ] } },
{ "type": "Feature", "properties": { "fid": 60, "manzana": "17", "evev": null }, "geometry": { "type": "MultiPolygon", "coordinates": [ [ [ [ -69.242652932681509, -51.662731787044379, 0.0 ], [ -69.242593920974883, -51.66269659940528, 0.0 ], [ -69.242559893096356, -51.661690182627467, 0.0 ], [ -69.242616472869145, -51.661653483373406, 0.0 ], [ -69.245390631688437, -51.661617171806384, 0.0 ], [ -69.245449644151563, -51.661652358045778, 0.0 ], [ -69.245483736016297, -51.662658773908753, 0.0 ], [ -69.245427157315319, -51.662695474536292, 0.0 ], [ -69.242652932681509, -51.662731787044379, 0.0 ] ] ] ] } },
{ "type": "Feature", "properties": { "fid": 61, "manzana": "Frac. D", "evev": null }, "geometry": { "type": "MultiPolygon", "coordinates": [ [ [ [ -69.242500955720459, -51.659946924575486, 0.0 ], [ -69.245390595920426, -51.659909101453323, 0.0 ], [ -69.2454426433398, -51.661445683336702, 0.0 ], [ -69.24538606611307, -51.661482383950137, 0.0 ], [ -69.242611915520357, -51.661518695399657, 0.0 ], [ -69.242552905424347, -51.661483507730573, 0.0 ], [ -69.242500955720459, -51.659946924575486, 0.0 ] ] ] ] } },
{ "type": "Feature", "properties": { "fid": 62, "manzana": "519", "evev": null }, "geometry": { "type": "MultiPolygon", "coordinates": [ [ [ [ -69.285071907664602, -51.6727097978453, 0.0 ], [ -69.285015179740711, -51.672746417428073, 0.0 ], [ -69.284408157042691, -51.672753494916478, 0.0 ], [ -69.284349262191256, -51.672718224216219, 0.0 ], [ -69.284320948689228, -51.67177916128005, 0.0 ], [ -69.284377675340124, -51.671742542433435, 0.0 ], [ -69.284984684530855, -51.671735465121834, 0.0 ], [ -69.285043579249844, -51.671770735901596, 0.0 ], [ -69.285071907664602, -51.6727097978453, 0.0 ] ] ] ] } },
{ "type": "Feature", "properties": { "fid": 63, "manzana": null, "evev": null }, "geometry": { "type": "MultiPolygon", "coordinates": [ [ [ [ -69.276869717795122, -51.677379220276663, 0.0 ], [ -69.276952567080954, -51.677365504163298, 0.0 ], [ -69.277031803743967, -51.677354244276941, 0.0 ], [ -69.277137641165751, -51.677341964289873, 0.0 ], [ -69.27721159034526, -51.677335218529372, 0.0 ], [ -69.27726182338435, -51.677331483904354, 0.0 ], [ -69.277340981581247, -51.677326976309622, 0.0 ], [ -69.277379207248714, -51.677325399021726, 0.0 ], [ -69.277417469196877, -51.677324209384686, 0.0 ], [ -69.277455757255595, -51.677323407714674, 0.0 ], [ -69.277494061247822, -51.677322994224802, 0.0 ], [ -69.277532370992219, -51.677322969024956, 0.0 ], [ -69.277552186838221, -51.677324007962383, 0.0 ], [ -69.277571971329792, -51.677325256682778, 0.0 ], [ -69.277591718721354, -51.677326714823515, 0.0 ], [ -69.277611423278159, -51.677328381961139, 0.0 ], [ -69.277631079277825, -51.677330257611494, 0.0 ], [ -69.277650681012105, -51.677332341229857, 0.0 ], [ -69.277670222788529, -51.677334632211178, 0.0 ], [ -69.277689698931965, -51.677337129890098, 0.0 ], [ -69.277709103786407, -51.677339833541275, 0.0 ], [ -69.277728431716511, -51.677342742379579, 0.0 ], [ -69.277747677109318, -51.677345855560226, 0.0 ], [ -69.277836236498089, -51.677363057974866, 0.0 ], [ -69.277942559658214, -51.677390377156208, 0.0 ], [ -69.278043179138933, -51.677423752354109, 0.0 ], [ -69.278100424046457, -51.677446468583753, 0.0 ], [ -69.278182791564944, -51.67748469531827, 0.0 ], [ -69.278294439677865, -51.677547680802789, 0.0 ], [ -69.278377921102376, -51.677597876025658, 0.0 ], [ -69.278422781817468, -51.677626058669418, 0.0 ], [ -69.278424709638387, -51.677641401017503, 0.0 ], [ -69.278367970824064, -51.677678016970404, 0.0 ], [ -69.276021412509195, -51.677705223487301, 0.0 ], [ -69.276101802288849, -51.67764399911546, 0.0 ], [ -69.27619118902166, -51.677589341205064, 0.0 ], [ -69.276304440107424, -51.677534588333963, 0.0 ], [ -69.276415553885514, -51.6774929371703, 0.0 ], [ -69.276529077813322, -51.677457944989619, 0.0 ], [ -69.276649665011988, -51.67742577144768, 0.0 ], [ -69.276751801437968, -51.677402283856935, 0.0 ], [ -69.276869717795122, -51.677379220276663, 0.0 ] ] ] ] } },
{ "type": "Feature", "properties": { "fid": 64, "manzana": null, "evev": null }, "geometry": { "type": "MultiPolygon", "coordinates": [ [ [ [ -69.242205867160337, -51.65977976725803, 0.0 ], [ -69.242149296437987, -51.659816675033717, 0.0 ], [ -69.239161844815143, -51.659855694649139, 0.0 ], [ -69.239102839549957, -51.659820505230556, 0.0 ], [ -69.239065861541334, -51.65872426315476, 0.0 ], [ -69.239122440456455, -51.658687565566225, 0.0 ], [ -69.242109815198404, -51.658648546978021, 0.0 ], [ -69.242168821374349, -51.658683734958736, 0.0 ], [ -69.242205867160337, -51.65977976725803, 0.0 ] ] ] ] } },
{ "type": "Feature", "properties": { "fid": 65, "manzana": "Frac. F", "evev": null }, "geometry": { "type": "MultiPolygon", "coordinates": [ [ [ [ -69.244373283265418, -51.65861895415258, 0.0 ], [ -69.245374631242655, -51.659774484160913, 0.0 ], [ -69.242500236147038, -51.659812107509119, 0.0 ], [ -69.242461961089532, -51.65867992319572, 0.0 ], [ -69.242518537200951, -51.658643223974686, 0.0 ], [ -69.244373283265418, -51.65861895415258, 0.0 ] ] ] ] } },
{ "type": "Feature", "properties": { "fid": 66, "manzana": "Frac. 50", "evev": null }, "geometry": { "type": "MultiPolygon", "coordinates": [ [ [ [ -69.242500955720459, -51.659946924575486, 0.0 ], [ -69.245390595920426, -51.659909101453323, 0.0 ], [ -69.2454426433398, -51.661445683336702, 0.0 ], [ -69.24538606611307, -51.661482383950137, 0.0 ], [ -69.242611915520357, -51.661518695399657, 0.0 ], [ -69.242552905424347, -51.661483507730573, 0.0 ], [ -69.242500955720459, -51.659946924575486, 0.0 ] ] ] ] } },
{ "type": "Feature", "properties": { "fid": 67, "manzana": "15", "evev": null }, "geometry": { "type": "MultiPolygon", "coordinates": [ [ [ [ -69.242154198526791, -51.659951458539204, 0.0 ], [ -69.242213206320713, -51.659986646420734, 0.0 ], [ -69.242263931355168, -51.661487286259998, 0.0 ], [ -69.242207351503652, -51.661523985345433, 0.0 ], [ -69.23921978766775, -51.661563006568841, 0.0 ], [ -69.23916078013589, -51.661527817192649, 0.0 ], [ -69.2391101575476, -51.66002717589334, 0.0 ], [ -69.239166738045952, -51.659990478289721, 0.0 ], [ -69.242154198526791, -51.659951458539204, 0.0 ] ] ] ] } },
{ "type": "Feature", "properties": { "fid": 68, "manzana": "12", "evev": null }, "geometry": { "type": "MultiPolygon", "coordinates": [ [ [ [ -69.242031789607069, -51.656333840568543, 0.0 ], [ -69.242090792598873, -51.656369028538954, 0.0 ], [ -69.24216125239046, -51.658453819422853, 0.0 ], [ -69.242104806629129, -51.658490448335513, 0.0 ], [ -69.239059662812508, -51.658530220632002, 0.0 ], [ -69.238986922957707, -51.65637360907138, 0.0 ], [ -69.242031789607069, -51.656333840568543, 0.0 ] ] ] ] } },
{ "type": "Feature", "properties": { "fid": 69, "manzana": "Mz. 11", "evev": null }, "geometry": { "type": "MultiPolygon", "coordinates": [ [ [ [ -69.242076979316394, -51.655958389422956, 0.0 ], [ -69.242084146089624, -51.656170456067841, 0.0 ], [ -69.242027541238755, -51.656207175499063, 0.0 ], [ -69.239040471285222, -51.656246189855146, 0.0 ], [ -69.23898143800028, -51.656210980779704, 0.0 ], [ -69.238837823383903, -51.651952389287423, 0.0 ], [ -69.242076979316394, -51.655958389422956, 0.0 ] ] ] ] } },
{ "type": "Feature", "properties": { "fid": 70, "manzana": "Fracc. 906", "evev": null }, "geometry": { "type": "MultiPolygon", "coordinates": [ [ [ [ -69.244373283265418, -51.65861895415258, 0.0 ], [ -69.245374631242655, -51.659774484160913, 0.0 ], [ -69.242500236147038, -51.659812107509119, 0.0 ], [ -69.242461961089532, -51.65867992319572, 0.0 ], [ -69.242518537200951, -51.658643223974686, 0.0 ], [ -69.244373283265418, -51.65861895415258, 0.0 ] ] ] ] } },
{ "type": "Feature", "properties": { "fid": 71, "manzana": "13", "evev": null }, "geometry": { "type": "MultiPolygon", "coordinates": [ [ [ [ -69.242404920776352, -51.656333171491141, 0.0 ], [ -69.242431190637632, -51.656328866187266, 0.0 ], [ -69.244251970654204, -51.658430422064725, 0.0 ], [ -69.244221548815119, -51.658462883264754, 0.0 ], [ -69.242535605802345, -51.658484943358651, 0.0 ], [ -69.242476566900493, -51.658449736060085, 0.0 ], [ -69.242404920776352, -51.656333171491141, 0.0 ] ] ] ] } },
{ "type": "Feature", "properties": { "fid": 72, "manzana": "26", "evev": null }, "geometry": { "type": "MultiPolygon", "coordinates": [ [ [ [ -69.242345950246857, -51.66391349668892, 0.0 ], [ -69.242289367446304, -51.663950195802435, 0.0 ], [ -69.241501869248808, -51.663960461780079, 0.0 ], [ -69.241442856832535, -51.663925273570975, 0.0 ], [ -69.2414103714177, -51.662963785971066, 0.0 ], [ -69.241466953703863, -51.662927087275499, 0.0 ], [ -69.242248178721127, -51.662917024658555, 0.0 ], [ -69.242313444809895, -51.662951982233061, 0.0 ], [ -69.242345950246857, -51.66391349668892, 0.0 ] ] ] ] } },
{ "type": "Feature", "properties": { "fid": 73, "manzana": "25", "evev": null }, "geometry": { "type": "MultiPolygon", "coordinates": [ [ [ [ -69.240218313785732, -51.66297935627415, 0.0 ], [ -69.240274897056196, -51.662942658151678, 0.0 ], [ -69.241056122631619, -51.662932603462707, 0.0 ], [ -69.241121387827675, -51.662967561700555, 0.0 ], [ -69.241153868045927, -51.663929076516204, 0.0 ], [ -69.241097284261031, -51.663965775056546, 0.0 ], [ -69.240309785497601, -51.663976033042537, 0.0 ], [ -69.240250773982538, -51.663940844233537, 0.0 ], [ -69.240218313785732, -51.66297935627415, 0.0 ] ] ] ] } },
{ "type": "Feature", "properties": { "fid": 74, "manzana": "18", "evev": null }, "geometry": { "type": "MultiPolygon", "coordinates": [ [ [ [ -69.243567785956458, -51.662854667130155, 0.0 ], [ -69.245431723146709, -51.662830262362647, 0.0 ], [ -69.245490737220635, -51.662865448571935, 0.0 ], [ -69.245524830997383, -51.663871864211721, 0.0 ], [ -69.245468250821901, -51.663908564853465, 0.0 ], [ -69.24360426940946, -51.663932970253541, 0.0 ], [ -69.243567785956458, -51.662854667130155, 0.0 ] ] ] ] } },
{ "type": "Feature", "properties": { "fid": 75, "manzana": "27", "evev": null }, "geometry": { "type": "MultiPolygon", "coordinates": [ [ [ [ -69.242602428191773, -51.662948203570807, 0.0 ], [ -69.242659009493465, -51.662911504302187, 0.0 ], [ -69.243265873929531, -51.662903566505314, 0.0 ], [ -69.243324886424929, -51.662938753804575, 0.0 ], [ -69.243357411423489, -51.663900213698298, 0.0 ], [ -69.243300786753167, -51.663936940996919, 0.0 ], [ -69.242693907601691, -51.663944851862375, 0.0 ], [ -69.242634938824423, -51.663909690811018, 0.0 ], [ -69.242602428191773, -51.662948203570807, 0.0 ] ] ] ] } },
{ "type": "Feature", "properties": { "fid": 76, "manzana": "20", "evev": null }, "geometry": { "type": "MultiPolygon", "coordinates": [ [ [ [ -69.24111288880988, -51.662715957418214, 0.0 ], [ -69.24105630649963, -51.662752655944594, 0.0 ], [ -69.240268828755376, -51.662762913631099, 0.0 ], [ -69.240209818850957, -51.662727724792084, 0.0 ], [ -69.24017584467714, -51.661721334389711, 0.0 ], [ -69.240232426418416, -51.661684636281763, 0.0 ], [ -69.241013630371157, -51.661674581900847, 0.0 ], [ -69.241078893724051, -51.661709540172296, 0.0 ], [ -69.24111288880988, -51.662715957418214, 0.0 ] ] ] ] } },
{ "type": "Feature", "properties": { "fid": 77, "manzana": "19", "evev": null }, "geometry": { "type": "MultiPolygon", "coordinates": [ [ [ [ -69.242304939193218, -51.66270037804486, 0.0 ], [ -69.24224835786724, -51.662737077144307, 0.0 ], [ -69.241460880688862, -51.66274734282203, 0.0 ], [ -69.241401869883163, -51.662712154583005, 0.0 ], [ -69.241367869315809, -51.661705764556785, 0.0 ], [ -69.241424450072728, -51.661669065875799, 0.0 ], [ -69.242205653467352, -51.661659003567443, 0.0 ], [ -69.242270917712872, -51.661693961175374, 0.0 ], [ -69.242304939193218, -51.66270037804486, 0.0 ] ] ] ] } },
{ "type": "Feature", "properties": { "fid": 78, "manzana": "24", "evev": null }, "geometry": { "type": "MultiPolygon", "coordinates": [ [ [ [ -69.239210193589869, -51.662992514591068, 0.0 ], [ -69.239266777599141, -51.662955817013703, 0.0 ], [ -69.239873643371126, -51.662947896681636, 0.0 ], [ -69.239932653302262, -51.662983085688161, 0.0 ], [ -69.239965151078877, -51.66394457316413, 0.0 ], [ -69.239908522689461, -51.663981271702504, 0.0 ], [ -69.239301643212698, -51.663989192170526, 0.0 ], [ -69.239242633375028, -51.663954029982371, 0.0 ], [ -69.239210193589869, -51.662992514591068, 0.0 ] ] ] ] } },
{ "type": "Feature", "properties": { "fid": 79, "manzana": "23", "evev": null }, "geometry": { "type": "MultiPolygon", "coordinates": [ [ [ [ -69.239924203570681, -51.662731453614064, 0.0 ], [ -69.239867576657133, -51.66276815213844, 0.0 ], [ -69.23926071337867, -51.662776072375948, 0.0 ], [ -69.239201705151558, -51.662740910157801, 0.0 ], [ -69.239167752383835, -51.661734492309378, 0.0 ], [ -69.239224334863891, -51.661697794746431, 0.0 ], [ -69.239831183839172, -51.661689874653547, 0.0 ], [ -69.23989019210012, -51.661725063691129, 0.0 ], [ -69.239924203570681, -51.662731453614064, 0.0 ] ] ] ] } },
{ "type": "Feature", "properties": { "fid": 80, "manzana": "33", "evev": null }, "geometry": { "type": "MultiPolygon", "coordinates": [ [ [ [ -69.242427976499386, -51.666339651785513, 0.0 ], [ -69.242371390749099, -51.666376350927287, 0.0 ], [ -69.241583850510793, -51.666386617504742, 0.0 ], [ -69.241524834872834, -51.666351429355686, 0.0 ], [ -69.241490138180552, -51.665345467591408, 0.0 ], [ -69.241546723362362, -51.665308768868627, 0.0 ], [ -69.242334934404738, -51.665298047836465, 0.0 ], [ -69.242393933089375, -51.665333225921671, 0.0 ], [ -69.242427976499386, -51.666339651785513, 0.0 ] ] ] ] } },
{ "type": "Feature", "properties": { "fid": 81, "manzana": "32", "evev": null }, "geometry": { "type": "MultiPolygon", "coordinates": [ [ [ [ -69.241235830638388, -51.666355232520722, 0.0 ], [ -69.24117924390346, -51.666391931089443, 0.0 ], [ -69.240391703099121, -51.666402189674621, 0.0 ], [ -69.240332688362443, -51.666367000925433, 0.0 ], [ -69.240298018058141, -51.665361038777995, 0.0 ], [ -69.240354604224336, -51.665324340628345, 0.0 ], [ -69.241142815844881, -51.665313627595225, 0.0 ], [ -69.24120181362855, -51.665348806280285, 0.0 ], [ -69.241235830638388, -51.666355232520722, 0.0 ] ] ] ] } },
{ "type": "Feature", "properties": { "fid": 82, "manzana": "22", "evev": null }, "geometry": { "type": "MultiPolygon", "coordinates": [ [ [ [ -69.243649875364639, -51.665280821730647, 0.0 ], [ -69.245513912057703, -51.665256415539851, 0.0 ], [ -69.245572929353571, -51.665291601689162, 0.0 ], [ -69.245607026954445, -51.666298016882486, 0.0 ], [ -69.245550443830155, -51.666334717552481, 0.0 ], [ -69.24368636290879, -51.666359124375866, 0.0 ], [ -69.243649875364639, -51.665280821730647, 0.0 ] ] ] ] } },
{ "type": "Feature", "properties": { "fid": 83, "manzana": "34", "evev": null }, "geometry": { "type": "MultiPolygon", "coordinates": [ [ [ [ -69.242682947167211, -51.665329436955048, 0.0 ], [ -69.24273884162173, -51.665293185010988, 0.0 ], [ -69.243345737860324, -51.665285246763567, 0.0 ], [ -69.243404753517794, -51.665320434004236, 0.0 ], [ -69.243439491672618, -51.666326368023945, 0.0 ], [ -69.24338286405083, -51.666363095350732, 0.0 ], [ -69.24277595539003, -51.666371006641313, 0.0 ], [ -69.242718925096995, -51.666334593379638, 0.0 ], [ -69.242682947167211, -51.665329436955048, 0.0 ] ] ] ] } },
{ "type": "Feature", "properties": { "fid": 84, "manzana": "29", "evev": null }, "geometry": { "type": "MultiPolygon", "coordinates": [ [ [ [ -69.241450598896321, -51.664154413114197, 0.0 ], [ -69.241507182629618, -51.66411771440486, 0.0 ], [ -69.242294953221034, -51.66410756618675, 0.0 ], [ -69.242353695946022, -51.664142609038755, 0.0 ], [ -69.242385443661988, -51.665081658635216, 0.0 ], [ -69.242328859441415, -51.665118357762246, 0.0 ], [ -69.241541341002673, -51.665128624028696, 0.0 ], [ -69.241482327035243, -51.665093435848526, 0.0 ], [ -69.241450598896321, -51.664154413114197, 0.0 ] ] ] ] } },
{ "type": "Feature", "properties": { "fid": 85, "manzana": "28", "evev": null }, "geometry": { "type": "MultiPolygon", "coordinates": [ [ [ [ -69.242642685981309, -51.664138803140389, 0.0 ], [ -69.242699268730362, -51.664102103857964, 0.0 ], [ -69.243306149063926, -51.664094165834044, 0.0 ], [ -69.243365163140126, -51.66412935310381, 0.0 ], [ -69.243396930836525, -51.6650683752733, 0.0 ], [ -69.24334034745128, -51.665105074886611, 0.0 ], [ -69.242733453618797, -51.665113013103301, 0.0 ], [ -69.242674438750328, -51.665077825523234, 0.0 ], [ -69.242642685981309, -51.664138803140389, 0.0 ] ] ] ] } },
{ "type": "Feature", "properties": { "fid": 86, "manzana": "31", "evev": null }, "geometry": { "type": "MultiPolygon", "coordinates": [ [ [ [ -69.240047050122698, -51.666370730008246, 0.0 ], [ -69.239990418781332, -51.66640742857458, 0.0 ], [ -69.239383506905952, -51.666415349503914, 0.0 ], [ -69.239324493847064, -51.666380187375573, 0.0 ], [ -69.239290535372433, -51.665373770196176, 0.0 ], [ -69.239347122276627, -51.665337072591264, 0.0 ], [ -69.239954019845669, -51.665329151806617, 0.0 ], [ -69.240013032938535, -51.665364340754287, 0.0 ], [ -69.240047050122698, -51.666370730008246, 0.0 ] ] ] ] } },
{ "type": "Feature", "properties": { "fid": 87, "manzana": "80", "evev": null }, "geometry": { "type": "MultiPolygon", "coordinates": [ [ [ [ -69.240436808021556, -51.669449150842873, 0.0 ], [ -69.240493399158026, -51.669412452645659, 0.0 ], [ -69.241281681687596, -51.669401738597273, 0.0 ], [ -69.24134068489974, -51.669436917180995, 0.0 ], [ -69.241375536979547, -51.6704887266744, 0.0 ], [ -69.2413189452366, -51.67052542527933, 0.0 ], [ -69.240531332792386, -51.670535684885778, 0.0 ], [ -69.240472312565956, -51.670500496238652, 0.0 ], [ -69.240436808021556, -51.669449150842873, 0.0 ] ] ] ] } },
{ "type": "Feature", "properties": { "fid": 88, "manzana": "79", "evev": null }, "geometry": { "type": "MultiPolygon", "coordinates": [ [ [ [ -69.241629035391867, -51.669433578120085, 0.0 ], [ -69.241685625543539, -51.669396879349648, 0.0 ], [ -69.242473907494841, -51.669386157301041, 0.0 ], [ -69.242532911608194, -51.669421335284831, 0.0 ], [ -69.242567791285651, -51.670473144391522, 0.0 ], [ -69.242511200527403, -51.670509843569782, 0.0 ], [ -69.241723588649464, -51.670520111169665, 0.0 ], [ -69.24166456752134, -51.670484923122665, 0.0 ], [ -69.241629035391867, -51.669433578120085, 0.0 ] ] ] ] } },
{ "type": "Feature", "properties": { "fid": 89, "manzana": "21", "evev": null }, "geometry": { "type": "MultiPolygon", "coordinates": [ [ [ [ -69.243609589146971, -51.664090195646374, 0.0 ], [ -69.245473577007743, -51.664065790154076, 0.0 ], [ -69.245532592722398, -51.664100976332868, 0.0 ], [ -69.245564405201193, -51.665039997861911, 0.0 ], [ -69.245507823605934, -51.665076698517133, 0.0 ], [ -69.243643794284083, -51.665101104602478, 0.0 ], [ -69.243609589146971, -51.664090195646374, 0.0 ] ] ] ] } },
{ "type": "Feature", "properties": { "fid": 90, "manzana": "81", "evev": null }, "geometry": { "type": "MultiPolygon", "coordinates": [ [ [ [ -69.2401866483427, -51.670504225691552, 0.0 ], [ -69.240130011971218, -51.67054092430579, 0.0 ], [ -69.239523044887051, -51.670548846021291, 0.0 ], [ -69.239464026338581, -51.670513683994926, 0.0 ], [ -69.23942923469717, -51.669461883558277, 0.0 ], [ -69.239485826571638, -51.669425185905844, 0.0 ], [ -69.24009277873968, -51.669417264340076, 0.0 ], [ -69.2401517972623, -51.669452453186473, 0.0 ], [ -69.2401866483427, -51.670504225691552, 0.0 ] ] ] ] } },
{ "type": "Feature", "properties": { "fid": 91, "manzana": "442", "evev": null }, "geometry": { "type": "MultiPolygon", "coordinates": [ [ [ [ -69.278177987769752, -51.662186997117125, 0.0 ], [ -69.278234707435402, -51.662150381187502, 0.0 ], [ -69.278841589531353, -51.662143335797957, 0.0 ], [ -69.278900467026844, -51.662178609741204, 0.0 ], [ -69.278924614849956, -51.662982881208748, 0.0 ], [ -69.278867894704831, -51.663019497467062, 0.0 ], [ -69.278261000908884, -51.663026543008819, 0.0 ], [ -69.278202122807159, -51.662991268751043, 0.0 ], [ -69.278177987769752, -51.662186997117125, 0.0 ] ] ] ] } },
{ "type": "Feature", "properties": { "fid": 92, "manzana": "441", "evev": null }, "geometry": { "type": "MultiPolygon", "coordinates": [ [ [ [ -69.279936103232743, -51.66297113118403, 0.0 ], [ -69.279879383919479, -51.663007747929612, 0.0 ], [ -69.279272490457501, -51.663014798697255, 0.0 ], [ -69.279213611587579, -51.662979524947581, 0.0 ], [ -69.27918945865018, -51.662175253546621, 0.0 ], [ -69.27924617748404, -51.662138637129701, 0.0 ], [ -69.279853059246051, -51.662131586514469, 0.0 ], [ -69.279911937509681, -51.662166859949608, 0.0 ], [ -69.279936103232743, -51.66297113118403, 0.0 ] ] ] ] } },
{ "type": "Feature", "properties": { "fid": 93, "manzana": "444", "evev": null }, "geometry": { "type": "MultiPolygon", "coordinates": [ [ [ [ -69.276227292358712, -51.662209620836187, 0.0 ], [ -69.276284013628398, -51.662173005846341, 0.0 ], [ -69.276890896367618, -51.662165970534964, 0.0 ], [ -69.276949772381542, -51.662201245458093, 0.0 ], [ -69.276973885683233, -51.663005517374515, 0.0 ], [ -69.276917163933931, -51.663042132693, 0.0 ], [ -69.276310269494701, -51.663049168156292, 0.0 ], [ -69.276251392874656, -51.663013892918599, 0.0 ], [ -69.276227292358712, -51.662209620836187, 0.0 ] ] ] ] } },
{ "type": "Feature", "properties": { "fid": 94, "manzana": "443", "evev": null }, "geometry": { "type": "MultiPolygon", "coordinates": [ [ [ [ -69.277985375138982, -51.662993784147197, 0.0 ], [ -69.277928654221483, -51.663030399953008, 0.0 ], [ -69.27732176011564, -51.663037440642164, 0.0 ], [ -69.277262882727314, -51.663002165912587, 0.0 ], [ -69.277238764311321, -51.662197894062608, 0.0 ], [ -69.277295484749288, -51.662161278585458, 0.0 ], [ -69.277902367155122, -51.662154238048345, 0.0 ], [ -69.277961243937298, -51.662189512463407, 0.0 ], [ -69.277985375138982, -51.662993784147197, 0.0 ] ] ] ] } },
{ "type": "Feature", "properties": { "fid": 95, "manzana": "438", "evev": null }, "geometry": { "type": "MultiPolygon", "coordinates": [ [ [ [ -69.282753817931351, -51.662938353046187, 0.0 ], [ -69.282697100935451, -51.662974971149119, 0.0 ], [ -69.282162457526795, -51.662981195528751, 0.0 ], [ -69.28210357646212, -51.662945923230886, 0.0 ], [ -69.282097897210591, -51.662757211672478, 0.0 ], [ -69.282089529871513, -51.6624791766314, 0.0 ], [ -69.282143104760081, -51.662454940896836, 0.0 ], [ -69.282688476259011, -51.66257177646802, 0.0 ], [ -69.282744215462529, -51.662619430568363, 0.0 ], [ -69.282748135979801, -51.662749641523071, 0.0 ], [ -69.282753817931351, -51.662938353046187, 0.0 ] ] ] ] } },
{ "type": "Feature", "properties": { "fid": 96, "manzana": "458", "evev": null }, "geometry": { "type": "MultiPolygon", "coordinates": [ [ [ [ -69.275462841270496, -51.663229785297979, 0.0 ], [ -69.275519564428436, -51.663193170680906, 0.0 ], [ -69.275981961780786, -51.663187813722928, 0.0 ], [ -69.276040838418069, -51.663223089094615, 0.0 ], [ -69.27606560937555, -51.664049826776164, 0.0 ], [ -69.276008885591665, -51.664086441652515, 0.0 ], [ -69.275546479095851, -51.664091798729068, 0.0 ], [ -69.27548760171301, -51.664056523115953, 0.0 ], [ -69.275462841270496, -51.663229785297979, 0.0 ] ] ] ] } },
{ "type": "Feature", "properties": { "fid": 97, "manzana": "440", "evev": null }, "geometry": { "type": "MultiPolygon", "coordinates": [ [ [ [ -69.280875341946512, -51.662960212647995, 0.0 ], [ -69.280818623405679, -51.662996829846037, 0.0 ], [ -69.280211730254123, -51.663003885466267, 0.0 ], [ -69.280152850670873, -51.662968612188443, 0.0 ], [ -69.280128681112103, -51.662164341003994, 0.0 ], [ -69.280185399173575, -51.662127724134621, 0.0 ], [ -69.280593743715258, -51.662122977157885, 0.0 ], [ -69.280797162705525, -51.66216648754741, 0.0 ], [ -69.28085290900222, -51.662214125257194, 0.0 ], [ -69.280875341946512, -51.662960212647995, 0.0 ] ] ] ] } },
{ "type": "Feature", "properties": { "fid": 98, "manzana": "439", "evev": null }, "geometry": { "type": "MultiPolygon", "coordinates": [ [ [ [ -69.281886829254432, -51.662948445825911, 0.0 ], [ -69.281830111545474, -51.662985063511215, 0.0 ], [ -69.281223218728528, -51.662992124357295, 0.0 ], [ -69.281164338377096, -51.662956851587573, 0.0 ], [ -69.28114388032192, -51.662276591137186, 0.0 ], [ -69.281197448611053, -51.662252289274946, 0.0 ], [ -69.281815570594944, -51.662384821568835, 0.0 ], [ -69.28187130403937, -51.662432484414509, 0.0 ], [ -69.281886829254432, -51.662948445825911, 0.0 ] ] ] ] } },
{ "type": "Feature", "properties": { "fid": 99, "manzana": "470", "evev": null }, "geometry": { "type": "MultiPolygon", "coordinates": [ [ [ [ -69.276288556075627, -51.664253999253326, 0.0 ], [ -69.276345279842332, -51.66421738424301, 0.0 ], [ -69.276952189882508, -51.664210348577136, 0.0 ], [ -69.277011068599748, -51.664245623453233, 0.0 ], [ -69.277035857843771, -51.6650723607586, 0.0 ], [ -69.276979133569995, -51.665108976097841, 0.0 ], [ -69.276372211528354, -51.665116011919551, 0.0 ], [ -69.276313332175235, -51.665080736729408, 0.0 ], [ -69.276288556075627, -51.664253999253326, 0.0 ] ] ] ] } },
{ "type": "Feature", "properties": { "fid": 100, "manzana": "456", "evev": null }, "geometry": { "type": "MultiPolygon", "coordinates": [ [ [ [ -69.277269081754426, -51.663208850219327, 0.0 ], [ -69.277325803427061, -51.663172234732023, 0.0 ], [ -69.277932699332936, -51.663165194019463, 0.0 ], [ -69.277991577451886, -51.663200468411233, 0.0 ], [ -69.278016383897267, -51.664027205631804, 0.0 ], [ -69.277959661717588, -51.664063821447982, 0.0 ], [ -69.277352753811016, -51.664070862316571, 0.0 ], [ -69.277293875056131, -51.664035587610769, 0.0 ], [ -69.277269081754426, -51.663208850219327, 0.0 ] ] ] ] } },
{ "type": "Feature", "properties": { "fid": 101, "manzana": "471", "evev": null }, "geometry": { "type": "MultiPolygon", "coordinates": [ [ [ [ -69.276096574419483, -51.665083248654021, 0.0 ], [ -69.276039849373262, -51.665119863540724, 0.0 ], [ -69.275577432361928, -51.665125220753723, 0.0 ], [ -69.275518553612542, -51.665089945164347, 0.0 ], [ -69.275493791971883, -51.664263207500696, 0.0 ], [ -69.275550516392116, -51.664226592873298, 0.0 ], [ -69.276012924259462, -51.664221235778896, 0.0 ], [ -69.276071802263232, -51.664256511126815, 0.0 ], [ -69.276096574419483, -51.665083248654021, 0.0 ] ] ] ] } },
{ "type": "Feature", "properties": { "fid": 102, "manzana": "457", "evev": null }, "geometry": { "type": "MultiPolygon", "coordinates": [ [ [ [ -69.276257587301643, -51.663220577285109, 0.0 ], [ -69.276314309806082, -51.66318396228511, 0.0 ], [ -69.276921206045387, -51.663176926798435, 0.0 ], [ -69.276980083396069, -51.663212201698315, 0.0 ], [ -69.27700487144034, -51.66403893915804, 0.0 ], [ -69.276948148428858, -51.664075554486907, 0.0 ], [ -69.276341240188827, -51.664082590129411, 0.0 ], [ -69.276282362202281, -51.664047314915493, 0.0 ], [ -69.276257587301643, -51.663220577285109, 0.0 ] ] ] ] } },
{ "type": "Feature", "properties": { "fid": 103, "manzana": "468", "evev": null }, "geometry": { "type": "MultiPolygon", "coordinates": [ [ [ [ -69.278239339239789, -51.664231374394106, 0.0 ], [ -69.27829606140223, -51.664194758443934, 0.0 ], [ -69.278902970799066, -51.664187712699153, 0.0 ], [ -69.278961850998002, -51.664222986595298, 0.0 ], [ -69.278986675731971, -51.665049723439239, 0.0 ], [ -69.278929953062573, -51.665086339718314, 0.0 ], [ -69.278323031664314, -51.665093385619251, 0.0 ], [ -69.278264150829386, -51.665058111409046, 0.0 ], [ -69.278239339239789, -51.664231374394106, 0.0 ] ] ] ] } },
{ "type": "Feature", "properties": { "fid": 104, "manzana": "454", "evev": null }, "geometry": { "type": "MultiPolygon", "coordinates": [ [ [ [ -69.279967156350295, -51.664004552091228, 0.0 ], [ -69.279910435774951, -51.664041168847213, 0.0 ], [ -69.279303528512273, -51.664048219794608, 0.0 ], [ -69.279244648275736, -51.664012946068766, 0.0 ], [ -69.279219819486215, -51.663186209138942, 0.0 ], [ -69.279276539554672, -51.663149592711832, 0.0 ], [ -69.279883434816654, -51.663142541920742, 0.0 ], [ -69.279942314417184, -51.663177815332588, 0.0 ], [ -69.279967156350295, -51.664004552091228, 0.0 ] ] ] ] } },
{ "type": "Feature", "properties": { "fid": 105, "manzana": "469", "evev": null }, "geometry": { "type": "MultiPolygon", "coordinates": [ [ [ [ -69.277300073529929, -51.664242271888853, 0.0 ], [ -69.277356796464758, -51.664205656391196, 0.0 ], [ -69.277963706171533, -51.664198615499217, 0.0 ], [ -69.278022585657069, -51.664233889867212, 0.0 ], [ -69.278047393303325, -51.665060626933432, 0.0 ], [ -69.277990669861452, -51.665097242760012, 0.0 ], [ -69.277383748153241, -51.665104283807949, 0.0 ], [ -69.277324868031769, -51.665069009125951, 0.0 ], [ -69.277300073529929, -51.664242271888853, 0.0 ] ] ] ] } },
{ "type": "Feature", "properties": { "fid": 106, "manzana": "455", "evev": null }, "geometry": { "type": "MultiPolygon", "coordinates": [ [ [ [ -69.278208326105741, -51.663197953002232, 0.0 ], [ -69.278265047006016, -51.663161337062434, 0.0 ], [ -69.278871942602009, -51.66315429149725, 0.0 ], [ -69.278930821434329, -51.663189565417198, 0.0 ], [ -69.278955644966416, -51.664016302415504, 0.0 ], [ -69.278898923559183, -51.664052918684185, 0.0 ], [ -69.278292015962478, -51.664059964405531, 0.0 ], [ -69.278233136494208, -51.664024690171537, 0.0 ], [ -69.278208326105741, -51.663197953002232, 0.0 ] ] ] ] } },
{ "type": "Feature", "properties": { "fid": 107, "manzana": "466", "evev": null }, "geometry": { "type": "MultiPolygon", "coordinates": [ [ [ [ -69.280937491549722, -51.665027053722469, 0.0 ], [ -69.280880770484771, -51.665063670941379, 0.0 ], [ -69.280273849731046, -51.665070726921478, 0.0 ], [ -69.280214967414395, -51.665035453691317, 0.0 ], [ -69.280190120334979, -51.664208717138457, 0.0 ], [ -69.280246840893042, -51.664172100248464, 0.0 ], [ -69.280853749645416, -51.664165044424827, 0.0 ], [ -69.280912631325961, -51.664200317340963, 0.0 ], [ -69.280937491549722, -51.665027053722469, 0.0 ] ] ] ] } },
{ "type": "Feature", "properties": { "fid": 108, "manzana": "452", "evev": null }, "geometry": { "type": "MultiPolygon", "coordinates": [ [ [ [ -69.281917926731182, -51.663981866154465, 0.0 ], [ -69.281861207760258, -51.664018483850214, 0.0 ], [ -69.281254301142624, -51.664025544876409, 0.0 ], [ -69.281195419424535, -51.663990272130569, 0.0 ], [ -69.281170555147355, -51.663163535663266, 0.0 ], [ -69.281227273611492, -51.663126918296413, 0.0 ], [ -69.281834168228499, -51.663119857426842, 0.0 ], [ -69.281893049310483, -51.663155129858701, 0.0 ], [ -69.281917926731182, -51.663981866154465, 0.0 ] ] ] ] } },
{ "type": "Feature", "properties": { "fid": 109, "manzana": "467", "evev": null }, "geometry": { "type": "MultiPolygon", "coordinates": [ [ [ [ -69.279998210118407, -51.665037972815377, 0.0 ], [ -69.27994148828094, -51.665074589581806, 0.0 ], [ -69.279334567216722, -51.665081640708969, 0.0 ], [ -69.27927568561347, -51.665046367006966, 0.0 ], [ -69.279250855621726, -51.664219630231486, 0.0 ], [ -69.279307576952291, -51.664183013793973, 0.0 ], [ -69.279914486015116, -51.664175962823151, 0.0 ], [ -69.279973366982304, -51.664211236211138, 0.0 ], [ -69.279998210118407, -51.665037972815377, 0.0 ] ] ] ] } },
{ "type": "Feature", "properties": { "fid": 110, "manzana": "453", "evev": null }, "geometry": { "type": "MultiPolygon", "coordinates": [ [ [ [ -69.28090641642217, -51.663993633276775, 0.0 ], [ -69.280849696619313, -51.664030250485219, 0.0 ], [ -69.280242789667085, -51.66403730628538, 0.0 ], [ -69.280183908717177, -51.664002033031387, 0.0 ], [ -69.280159062840994, -51.663175296324113, 0.0 ], [ -69.280215782137006, -51.663138679444572, 0.0 ], [ -69.280822677088594, -51.663131623800844, 0.0 ], [ -69.280881557402424, -51.663166896740847, 0.0 ], [ -69.28090641642217, -51.663993633276775, 0.0 ] ] ] ] } },
{ "type": "Feature", "properties": { "fid": 111, "manzana": "462", "evev": null }, "geometry": { "type": "MultiPolygon", "coordinates": [ [ [ [ -69.284091676303859, -51.664163305438031, 0.0 ], [ -69.284148393652913, -51.664126686668567, 0.0 ], [ -69.284755301112924, -51.664119610687266, 0.0 ], [ -69.284814185756304, -51.664154881643285, 0.0 ], [ -69.284839116959205, -51.664981617097098, 0.0 ], [ -69.284782399103534, -51.665018236195479, 0.0 ], [ -69.284175479642258, -51.665025312333903, 0.0 ], [ -69.28411659436253, -51.664990041063902, 0.0 ], [ -69.284091676303859, -51.664163305438031, 0.0 ] ] ] ] } },
{ "type": "Feature", "properties": { "fid": 112, "manzana": "448", "evev": null }, "geometry": { "type": "MultiPolygon", "coordinates": [ [ [ [ -69.285072020242936, -51.663118091526613, 0.0 ], [ -69.285128735498134, -51.663081472280396, 0.0 ], [ -69.285735628821712, -51.66307439125395, 0.0 ], [ -69.285794512866261, -51.663109661725727, 0.0 ], [ -69.28581946126171, -51.66393639709284, 0.0 ], [ -69.285762745499952, -51.663973016668002, 0.0 ], [ -69.285155840175861, -51.663980097851756, 0.0 ], [ -69.285096955494978, -51.663944827066025, 0.0 ], [ -69.285072020242936, -51.663118091526613, 0.0 ] ] ] ] } },
{ "type": "Feature", "properties": { "fid": 113, "manzana": "465", "evev": null }, "geometry": { "type": "MultiPolygon", "coordinates": [ [ [ [ -69.281201635642716, -51.664196956177641, 0.0 ], [ -69.281258355368863, -51.664160338800379, 0.0 ], [ -69.281865263786614, -51.664153277750671, 0.0 ], [ -69.281924146235326, -51.664188550158649, 0.0 ], [ -69.281949024861149, -51.66501528629999, 0.0 ], [ -69.281892304628187, -51.665051904006212, 0.0 ], [ -69.281285384209113, -51.665058965212545, 0.0 ], [ -69.281226501124195, -51.665023692490557, 0.0 ], [ -69.281201635642716, -51.664196956177641, 0.0 ] ] ] ] } },
{ "type": "Feature", "properties": { "fid": 114, "manzana": "449", "evev": null }, "geometry": { "type": "MultiPolygon", "coordinates": [ [ [ [ -69.284060530090613, -51.66312988578234, 0.0 ], [ -69.284117246177772, -51.663093267023392, 0.0 ], [ -69.284724139837095, -51.663086191222753, 0.0 ], [ -69.284783023113633, -51.663121462202731, 0.0 ], [ -69.284807953108285, -51.663948197810981, 0.0 ], [ -69.284751236514495, -51.663984816898889, 0.0 ], [ -69.284144330854602, -51.663991892856622, 0.0 ], [ -69.284085446941802, -51.663956621562711, 0.0 ], [ -69.284060530090613, -51.66312988578234, 0.0 ] ] ] ] } },
{ "type": "Feature", "properties": { "fid": 115, "manzana": "460", "evev": null }, "geometry": { "type": "MultiPolygon", "coordinates": [ [ [ [ -69.286042451170175, -51.66414055099343, 0.0 ], [ -69.286099166914568, -51.664103931284338, 0.0 ], [ -69.286706073726691, -51.664096845224243, 0.0 ], [ -69.286764959851325, -51.664132115200154, 0.0 ], [ -69.286789926543577, -51.66495885018869, 0.0 ], [ -69.286733210292695, -51.664995470226756, 0.0 ], [ -69.286126291479349, -51.6650025564443, 0.0 ], [ -69.286067404718224, -51.6649672861544, 0.0 ], [ -69.286042451170175, -51.66414055099343, 0.0 ] ] ] ] } },
{ "type": "Feature", "properties": { "fid": 116, "manzana": "446", "evev": null }, "geometry": { "type": "MultiPolygon", "coordinates": [ [ [ [ -69.287094999544848, -51.663094476877959, 0.0 ], [ -69.287151713135998, -51.663057856657346, 0.0 ], [ -69.28775860578709, -51.663050765179193, 0.0 ], [ -69.287817491367619, -51.663086034634581, 0.0 ], [ -69.287842476564578, -51.663912769518674, 0.0 ], [ -69.28778576246701, -51.663949390068275, 0.0 ], [ -69.287178857815405, -51.663956481704012, 0.0 ], [ -69.287119971598429, -51.663921211934706, 0.0 ], [ -69.287094999544848, -51.663094476877959, 0.0 ] ] ] ] } },
{ "type": "Feature", "properties": { "fid": 117, "manzana": "461", "evev": null }, "geometry": { "type": "MultiPolygon", "coordinates": [ [ [ [ -69.285850648114902, -51.664969816077544, 0.0 ], [ -69.28579393109132, -51.665006435663187, 0.0 ], [ -69.28518701196586, -51.665013517027816, 0.0 ], [ -69.285128125917964, -51.664978246266038, 0.0 ], [ -69.285103189457388, -51.664151510881091, 0.0 ], [ -69.28515990597441, -51.664114891624401, 0.0 ], [ -69.285766813098604, -51.664107810417057, 0.0 ], [ -69.285825698510081, -51.664143080864882, 0.0 ], [ -69.285850648114902, -51.664969816077544, 0.0 ] ] ] ] } },
{ "type": "Feature", "properties": { "fid": 118, "manzana": "447", "evev": null }, "geometry": { "type": "MultiPolygon", "coordinates": [ [ [ [ -69.286758718331242, -51.663925431484166, 0.0 ], [ -69.286702003342128, -51.663962051511739, 0.0 ], [ -69.286095098330108, -51.663969137548193, 0.0 ], [ -69.286036212936025, -51.663933867234377, 0.0 ], [ -69.286011260597547, -51.663107131918913, 0.0 ], [ -69.286067975080144, -51.66307051222033, 0.0 ], [ -69.286674868091666, -51.663063426341296, 0.0 ], [ -69.286733752849358, -51.663098696341137, 0.0 ], [ -69.286758718331242, -51.663925431484166, 0.0 ] ] ] ] } },
{ "type": "Feature", "properties": { "fid": 119, "manzana": "450", "evev": null }, "geometry": { "type": "MultiPolygon", "coordinates": [ [ [ [ -69.283193538086408, -51.663139988212166, 0.0 ], [ -69.28325025488671, -51.663103369870811, 0.0 ], [ -69.283784899564765, -51.6630971405379, 0.0 ], [ -69.283843782128073, -51.663132411989736, 0.0 ], [ -69.28386869503619, -51.663959147821686, 0.0 ], [ -69.283811977669814, -51.663995766457134, 0.0 ], [ -69.283277322419849, -51.664001995928345, 0.0 ], [ -69.28321843916541, -51.663966724198843, 0.0 ], [ -69.283193538086408, -51.663139988212166, 0.0 ] ] ] ] } },
{ "type": "Feature", "properties": { "fid": 120, "manzana": "463", "evev": null }, "geometry": { "type": "MultiPolygon", "coordinates": [ [ [ [ -69.283899837527869, -51.664992567387372, 0.0 ], [ -69.283843118899568, -51.665029186033316, 0.0 ], [ -69.28330845149118, -51.665035415663539, 0.0 ], [ -69.283249566869884, -51.665000143957933, 0.0 ], [ -69.283224664584338, -51.664173408125706, 0.0 ], [ -69.283281382646521, -51.664136789773885, 0.0 ], [ -69.28381603948236, -51.664130560281983, 0.0 ], [ -69.283874923412498, -51.664165831709873, 0.0 ], [ -69.283899837527869, -51.664992567387372, 0.0 ] ] ] ] } },
{ "type": "Feature", "properties": { "fid": 121, "manzana": "459", "evev": null }, "geometry": { "type": "MultiPolygon", "coordinates": [ [ [ [ -69.287873709422101, -51.664946187899574, 0.0 ], [ -69.28781699406278, -51.664982808459662, 0.0 ], [ -69.287210075609892, -51.664989900276701, 0.0 ], [ -69.287151188025859, -51.664954630531362, 0.0 ], [ -69.2871262147615, -51.664127895629107, 0.0 ], [ -69.28718292961436, -51.664091275397972, 0.0 ], [ -69.287789836066068, -51.664084183738545, 0.0 ], [ -69.287848723013596, -51.664119453169967, 0.0 ], [ -69.287873709422101, -51.664946187899574, 0.0 ] ] ] ] } },
{ "type": "Feature", "properties": { "fid": 122, "manzana": "451", "evev": null }, "geometry": { "type": "MultiPolygon", "coordinates": [ [ [ [ -69.282109797503921, -51.66315260725078, 0.0 ], [ -69.282166515195584, -51.663115989431496, 0.0 ], [ -69.282701160190015, -51.663109765031166, 0.0 ], [ -69.282760041930374, -51.663145037027434, 0.0 ], [ -69.282784935123274, -51.66397177311719, 0.0 ], [ -69.282728216865465, -51.664008391230588, 0.0 ], [ -69.282193561299081, -51.664014615769076, 0.0 ], [ -69.282134678867692, -51.663979343495086, 0.0 ], [ -69.282109797503921, -51.66315260725078, 0.0 ] ] ] ] } },
{ "type": "Feature", "properties": { "fid": 123, "manzana": "4332", "evev": "espacio comunitario" }, "geometry": { "type": "MultiPolygon", "coordinates": [ [ [ [ -69.28074567767294, -51.660570537103368, 0.0 ], [ -69.280804554600053, -51.660605810102467, 0.0 ], [ -69.280809451199701, -51.660768678504333, 0.0 ], [ -69.28038777012226, -51.66057469841865, 0.0 ], [ -69.28074567767294, -51.660570537103368, 0.0 ] ] ] ] } },
{ "type": "Feature", "properties": { "fid": 124, "manzana": "4331", "evev": "espacio comunitario" }, "geometry": { "type": "MultiPolygon", "coordinates": [ [ [ [ -69.282624054922294, -51.660548679715596, 0.0 ], [ -69.282682934776233, -51.660583951753608, 0.0 ], [ -69.282706493848039, -51.661365391168104, 0.0 ], [ -69.282652921898375, -51.661389627407573, 0.0 ], [ -69.281710662864157, -51.661187763607757, 0.0 ], [ -69.281102448182324, -51.660898816439747, 0.0 ], [ -69.281093536060013, -51.660602449237352, 0.0 ], [ -69.281150251396895, -51.660565831896363, 0.0 ], [ -69.282624054922294, -51.660548679715596, 0.0 ] ] ] ] } },
{ "type": "Feature", "properties": { "fid": 125, "manzana": "Frac.3d", "evev": null }, "geometry": { "type": "MultiPolygon", "coordinates": [ [ [ [ -69.255404572563194, -51.671545580093479, 0.0 ], [ -69.252085044829144, -51.672641389299358, 0.0 ], [ -69.250051667797294, -51.670259829049371, 0.0 ], [ -69.253371070921546, -51.669164077029066, 0.0 ], [ -69.255404572563194, -51.671545580093479, 0.0 ] ] ] ] } },
{ "type": "Feature", "properties": { "fid": 126, "manzana": "4333", "evev": "espacio comunitario" }, "geometry": { "type": "MultiPolygon", "coordinates": [ [ [ [ -69.275756925787249, -51.660882030096985, 0.0 ], [ -69.27563188792584, -51.660919095163749, 0.0 ], [ -69.275535611193192, -51.660939656790781, 0.0 ], [ -69.275452561574369, -51.660954642287905, 0.0 ], [ -69.275393688339378, -51.66091936660267, 0.0 ], [ -69.275386419462137, -51.660689761745388, 0.0 ], [ -69.27544313951816, -51.660653147153873, 0.0 ], [ -69.276194256415181, -51.660644444463784, 0.0 ], [ -69.276126883401204, -51.660692134115529, 0.0 ], [ -69.276039443824587, -51.660753272045739, 0.0 ], [ -69.275957913513878, -51.660802754717523, 0.0 ], [ -69.275868839308046, -51.66084145336842, 0.0 ], [ -69.275756925787249, -51.660882030096985, 0.0 ] ] ] ] } },
{ "type": "Feature", "properties": { "fid": 127, "manzana": "504", "evev": "espacio comunitario" }, "geometry": { "type": "MultiPolygon", "coordinates": [ [ [ [ -69.28035525040444, -51.667789131334139, 0.0 ], [ -69.280962207466928, -51.667782074882233, 0.0 ], [ -69.2810210939315, -51.66781734771503, 0.0 ], [ -69.281085145725683, -51.669946987696179, 0.0 ], [ -69.281028418650905, -51.669983604964621, 0.0 ], [ -69.280421432179196, -51.6699906618, 0.0 ], [ -69.276519370529172, -51.670035952294249, 0.0 ], [ -69.276460484669144, -51.670000677217175, 0.0 ], [ -69.276396649647268, -51.667871035020418, 0.0 ], [ -69.276453378787153, -51.667834419357952, 0.0 ], [ -69.28035525040444, -51.667789131334139, 0.0 ] ] ] ] } },
{ "type": "Feature", "properties": { "fid": 128, "manzana": null, "evev": "espacio comunitario" }, "geometry": { "type": "MultiPolygon", "coordinates": [ [ [ [ -69.279601958267563, -51.67599251741342, 0.0 ], [ -69.279599545403528, -51.675912221565895, 0.0 ], [ -69.27963419045355, -51.67581594874251, 0.0 ], [ -69.27971068551247, -51.675724372154988, 0.0 ], [ -69.279825249936195, -51.675650490696967, 0.0 ], [ -69.279990236863412, -51.675588978944646, 0.0 ], [ -69.280154599449602, -51.675506745587711, 0.0 ], [ -69.280253137011087, -51.67545372595152, 0.0 ], [ -69.280312032897911, -51.675488999079434, 0.0 ], [ -69.280338749493012, -51.676377619570879, 0.0 ], [ -69.280281818406621, -51.676414362557871, 0.0 ], [ -69.280101542167245, -51.676377967982901, 0.0 ], [ -69.279893224671852, -51.676298469221393, 0.0 ], [ -69.279737282792567, -51.676193050217883, 0.0 ], [ -69.279629154695499, -51.67606475183144, 0.0 ], [ -69.279601958267563, -51.67599251741342, 0.0 ] ] ] ] } },
{ "type": "Feature", "properties": { "fid": 129, "manzana": "4342", "evev": "espacio comunitario" }, "geometry": { "type": "MultiPolygon", "coordinates": [ [ [ [ -69.284662037451199, -51.661019349201055, 0.0 ], [ -69.28472092766691, -51.661054949733199, 0.0 ], [ -69.284740283971828, -51.66171433217275, 0.0 ], [ -69.284688882953134, -51.661747520836641, 0.0 ], [ -69.284543330818849, -51.661728454301326, 0.0 ], [ -69.284372788099873, -51.661705679337061, 0.0 ], [ -69.284189791203417, -51.661678840698329, 0.0 ], [ -69.284067160451045, -51.66165951998633, 0.0 ], [ -69.283786624104906, -51.661611083478228, 0.0 ], [ -69.283581294435834, -51.661573225322428, 0.0 ], [ -69.283384988282663, -51.661533842623278, 0.0 ], [ -69.28320495204899, -51.661495870457998, 0.0 ], [ -69.283142901070974, -51.661458699073904, 0.0 ], [ -69.28313181487438, -51.66107314168854, 0.0 ], [ -69.283188529150692, -51.661036523367891, 0.0 ], [ -69.284662037451199, -51.661019349201055, 0.0 ] ] ] ] } },
{ "type": "Feature", "properties": { "fid": 130, "manzana": "4340", "evev": "espacio comunitario" }, "geometry": { "type": "MultiPolygon", "coordinates": [ [ [ [ -69.286695614853485, -51.661835689557584, 0.0 ], [ -69.286638902435229, -51.661872309551256, 0.0 ], [ -69.2864893793991, -51.661867538383923, 0.0 ], [ -69.286248532388413, -51.661862404380052, 0.0 ], [ -69.286012659957976, -51.661854696850639, 0.0 ], [ -69.285864379452875, -51.661848268600686, 0.0 ], [ -69.285655033515624, -51.661836459877954, 0.0 ], [ -69.285395940119059, -51.661817727963694, 0.0 ], [ -69.285092114177758, -51.661791592793143, 0.0 ], [ -69.285030907900008, -51.661754929561837, 0.0 ], [ -69.285009686345475, -51.661051252239574, 0.0 ], [ -69.285066399077294, -51.661014633014368, 0.0 ], [ -69.28661246135961, -51.660996587997218, 0.0 ], [ -69.286671344355952, -51.66103185803366, 0.0 ], [ -69.286695614853485, -51.661835689557584, 0.0 ] ] ] ] } },
{ "type": "Feature", "properties": { "fid": 131, "manzana": "530", "evev": "espacio comunitario" }, "geometry": { "type": "MultiPolygon", "coordinates": [ [ [ [ -69.28312294341319, -51.675204596154309, 0.0 ], [ -69.283066211640744, -51.675241214247876, 0.0 ], [ -69.281591931662533, -51.675258372646681, 0.0 ], [ -69.281533034903546, -51.675223100052193, 0.0 ], [ -69.281503960523466, -51.674256885268733, 0.0 ], [ -69.28156069269167, -51.674220267691283, 0.0 ], [ -69.28172178264218, -51.674189987786789, 0.0 ], [ -69.281838667358258, -51.674154301565373, 0.0 ], [ -69.283033050093195, -51.674140399366344, 0.0 ], [ -69.28309194642658, -51.67417567110769, 0.0 ], [ -69.28312294341319, -51.675204596154309, 0.0 ] ] ] ] } },
{ "type": "Feature", "properties": { "fid": 132, "manzana": "1350", "evev": "espacio comunitario" }, "geometry": { "type": "MultiPolygon", "coordinates": [ [ [ [ -69.283615453140683, -51.675234817170207, 0.0 ], [ -69.283556554844409, -51.675199545592456, 0.0 ], [ -69.28354416436116, -51.674788425201278, 0.0 ], [ -69.283537935425841, -51.674581740669232, 0.0 ], [ -69.283525546683578, -51.674170620931122, 0.0 ], [ -69.283582276957347, -51.674134002478091, 0.0 ], [ -69.28505652170351, -51.674116819128315, 0.0 ], [ -69.285115419573984, -51.674152089852939, 0.0 ], [ -69.285127822965677, -51.67456321034215, 0.0 ], [ -69.285134058636217, -51.674769893698112, 0.0 ], [ -69.285146462392234, -51.675181014299895, 0.0 ], [ -69.285089732284874, -51.675217633368362, 0.0 ], [ -69.283615453140683, -51.675234817170207, 0.0 ] ] ] ] } },
{ "type": "Feature", "properties": { "fid": 133, "manzana": "531", "evev": "espacio comunitario" }, "geometry": { "type": "MultiPolygon", "coordinates": [ [ [ [ -69.281243960240317, -51.675226462373274, 0.0 ], [ -69.281187226921816, -51.675263079561539, 0.0 ], [ -69.280534850772256, -51.675270664079271, 0.0 ], [ -69.280475954996604, -51.67523539106157, 0.0 ], [ -69.280518178472036, -51.675160922265327, 0.0 ], [ -69.28056949701957, -51.675079753028726, 0.0 ], [ -69.280607509698299, -51.674975138509083, 0.0 ], [ -69.280620932933218, -51.674896364324375, 0.0 ], [ -69.280622118416829, -51.674725359675961, 0.0 ], [ -69.280642280614131, -51.674660261707949, 0.0 ], [ -69.28070293687135, -51.674573083871984, 0.0 ], [ -69.280820463624053, -51.674483272155392, 0.0 ], [ -69.280963883071067, -51.674412813803791, 0.0 ], [ -69.281159234431357, -51.674332570239926, 0.0 ], [ -69.281218129230766, -51.674367842722624, 0.0 ], [ -69.281243960240317, -51.675226462373274, 0.0 ] ] ] ] } },
{ "type": "Feature", "properties": { "fid": 134, "manzana": "510", "evev": "espacio comunitario" }, "geometry": { "type": "MultiPolygon", "coordinates": [ [ [ [ -69.284047814046758, -51.66991254875586, 0.0 ], [ -69.283991089385893, -51.669949167466683, 0.0 ], [ -69.283825958987848, -51.669951091754044, 0.0 ], [ -69.283769545056231, -51.669917304167981, 0.0 ], [ -69.283674428533729, -51.66972807062178, 0.0 ], [ -69.283579669402314, -51.66950449148046, 0.0 ], [ -69.283538588990467, -51.669392602512644, 0.0 ], [ -69.283499295440024, -51.669280692713677, 0.0 ], [ -69.28342252800681, -51.668980116830809, 0.0 ], [ -69.283478739607133, -51.668943829116373, 0.0 ], [ -69.283960617126596, -51.668938214396526, 0.0 ], [ -69.284019507416403, -51.66897348571333, 0.0 ], [ -69.284047814046758, -51.66991254875586, 0.0 ] ] ] ] } },
{ "type": "Feature", "properties": { "fid": 135, "manzana": "527", "evev": "espacio comunitario" }, "geometry": { "type": "MultiPolygon", "coordinates": [ [ [ [ -69.287427956371715, -51.674125097404783, 0.0 ], [ -69.287484683781486, -51.674088476847608, 0.0 ], [ -69.288091724198452, -51.674081383432913, 0.0 ], [ -69.28815062437441, -51.674116652632364, 0.0 ], [ -69.28818173593973, -51.675145576177435, 0.0 ], [ -69.288125008330283, -51.675182196708114, 0.0 ], [ -69.28751795320332, -51.675189290316005, 0.0 ], [ -69.287459051562053, -51.675154020944817, 0.0 ], [ -69.287427956371715, -51.674125097404783, 0.0 ] ] ] ] } },
{ "type": "Feature", "properties": { "fid": 136, "manzana": "520", "evev": "espacio comunitario" }, "geometry": { "type": "MultiPolygon", "coordinates": [ [ [ [ -69.283594209380681, -51.672563666271344, 0.0 ], [ -69.283655980167538, -51.672340303541326, 0.0 ], [ -69.28371331412572, -51.672143180442113, 0.0 ], [ -69.283785700835637, -51.671968249647655, 0.0 ], [ -69.283876422314336, -51.671784341943805, 0.0 ], [ -69.283933149331006, -51.671747723311348, 0.0 ], [ -69.28404526384648, -51.671746416793752, 0.0 ], [ -69.284104157851914, -51.671781688045527, 0.0 ], [ -69.284132466848845, -51.672720750243442, 0.0 ], [ -69.284075738151998, -51.67275736937362, 0.0 ], [ -69.283610613623964, -51.672762788980819, 0.0 ], [ -69.283555175662514, -51.672729587811844, 0.0 ], [ -69.283594209380681, -51.672563666271344, 0.0 ] ] ] ] } },
{ "type": "Feature", "properties": { "fid": 137, "manzana": "532", "evev": "espacio comunitario" }, "geometry": { "type": "MultiPolygon", "coordinates": [ [ [ [ -69.287026387980475, -51.674711851703641, 0.0 ], [ -69.287085287913612, -51.674747121291418, 0.0 ], [ -69.287097709328478, -51.675158241661649, 0.0 ], [ -69.287040980826859, -51.675194861670128, 0.0 ], [ -69.28549443501322, -51.675212913023145, 0.0 ], [ -69.285435535469801, -51.675177642497502, 0.0 ], [ -69.285423129106405, -51.674766522219457, 0.0 ], [ -69.285479858610472, -51.674729902841044, 0.0 ], [ -69.287026387980475, -51.674711851703641, 0.0 ] ] ] ] } },
{ "type": "Feature", "properties": { "fid": 138, "manzana": "528", "evev": "espacio comunitario" }, "geometry": { "type": "MultiPolygon", "coordinates": [ [ [ [ -69.285475790609212, -51.674595109278677, 0.0 ], [ -69.285416891905925, -51.674559838752153, 0.0 ], [ -69.285404485897359, -51.674148718269826, 0.0 ], [ -69.28546121462503, -51.674112098911607, 0.0 ], [ -69.28700772296304, -51.674094048050009, 0.0 ], [ -69.287066622315621, -51.67412931779414, 0.0 ], [ -69.287079043365566, -51.674540438051814, 0.0 ], [ -69.287022315390317, -51.67457705820145, 0.0 ], [ -69.285475790609212, -51.674595109278677, 0.0 ] ] ] ] } },
{ "type": "Feature", "properties": { "fid": 139, "manzana": "497", "evev": "espacio comunitario" }, "geometry": { "type": "MultiPolygon", "coordinates": [ [ [ [ -69.275653121366915, -51.667663852261576, 0.0 ], [ -69.275594238269889, -51.667628576136934, 0.0 ], [ -69.275582932619045, -51.667251153818739, 0.0 ], [ -69.275639661644007, -51.667214538545586, 0.0 ], [ -69.277041472493153, -51.667198292533513, 0.0 ], [ -69.27710035516165, -51.667233567340965, 0.0 ], [ -69.27711167345268, -51.667610990705022, 0.0 ], [ -69.277054946077527, -51.667647606069551, 0.0 ], [ -69.275653121366915, -51.667663852261576, 0.0 ] ] ] ] } },
{ "type": "Feature", "properties": { "fid": 140, "manzana": "495", "evev": "espacio comunitario" }, "geometry": { "type": "MultiPolygon", "coordinates": [ [ [ [ -69.279340287534083, -51.6672075728371, 0.0 ], [ -69.279397013468724, -51.667170955753662, 0.0 ], [ -69.280943287830183, -51.66715298506373, 0.0 ], [ -69.281002173462497, -51.667188257911, 0.0 ], [ -69.281013524162489, -51.667565680853215, 0.0 ], [ -69.280956799996645, -51.667602298097599, 0.0 ], [ -69.279410510345301, -51.667620268986838, 0.0 ], [ -69.279351624393925, -51.667584994749781, 0.0 ], [ -69.279340287534083, -51.6672075728371, 0.0 ] ] ] ] } },
{ "type": "Feature", "properties": { "fid": 141, "manzana": "4338", "evev": "espacio comunitario" }, "geometry": { "type": "MultiPolygon", "coordinates": [ [ [ [ -69.287078019126284, -51.662483668602142, 0.0 ], [ -69.28706586646156, -51.662081314691115, 0.0 ], [ -69.287122578858941, -51.662044694506662, 0.0 ], [ -69.287729794604687, -51.662038476525062, 0.0 ], [ -69.287788678804915, -51.662073746030579, 0.0 ], [ -69.287800824138898, -51.662475661598215, 0.0 ], [ -69.287812969701932, -51.662877577136669, 0.0 ], [ -69.287756256825304, -51.662914197650018, 0.0 ], [ -69.287149056826507, -51.662921292304027, 0.0 ], [ -69.287090172020356, -51.66288602248386, 0.0 ], [ -69.287078019126284, -51.662483668602142, 0.0 ] ] ] ] } },
{ "type": "Feature", "properties": { "fid": 142, "manzana": "4338", "evev": "espacio comunitario" }, "geometry": { "type": "MultiPolygon", "coordinates": [ [ [ [ -69.287078019126284, -51.662483668602142, 0.0 ], [ -69.28706586646156, -51.662081314691115, 0.0 ], [ -69.287122578858941, -51.662044694506662, 0.0 ], [ -69.287729794604687, -51.662038476525062, 0.0 ], [ -69.287788678804915, -51.662073746030579, 0.0 ], [ -69.287800824138898, -51.662475661598215, 0.0 ], [ -69.287812969701932, -51.662877577136669, 0.0 ], [ -69.287756256825304, -51.662914197650018, 0.0 ], [ -69.287149056826507, -51.662921292304027, 0.0 ], [ -69.287090172020356, -51.66288602248386, 0.0 ], [ -69.287078019126284, -51.662483668602142, 0.0 ] ] ] ] } },
{ "type": "Feature", "properties": { "fid": 143, "manzana": "492", "evev": "espacio comunitario" }, "geometry": { "type": "MultiPolygon", "coordinates": [ [ [ [ -69.285928145438533, -51.667544383392737, 0.0 ], [ -69.285914583638302, -51.667095071007218, 0.0 ], [ -69.286795999152133, -51.667084780156863, 0.0 ], [ -69.286854889228039, -51.667120050020408, 0.0 ], [ -69.286866288540978, -51.667497472326623, 0.0 ], [ -69.286809569191206, -51.667534092433648, 0.0 ], [ -69.285928145438533, -51.667544383392737, 0.0 ] ] ] ] } },
{ "type": "Feature", "properties": { "fid": 144, "manzana": null, "evev": "espacio comunitario" }, "geometry": { "type": "MultiPolygon", "coordinates": [ [ [ [ -69.285928145438547, -51.66754438339273, 0.0 ], [ -69.285263283029863, -51.667552141039252, 0.0 ], [ -69.285204392633148, -51.667516869742741, 0.0 ], [ -69.285193007160316, -51.667139448464965, 0.0 ], [ -69.285249728280547, -51.66710282856198, 0.0 ], [ -69.285914583638302, -51.667095071007211, 0.0 ], [ -69.285928145438547, -51.66754438339273, 0.0 ] ] ] ] } },
{ "type": "Feature", "properties": { "fid": 145, "manzana": "494", "evev": "espacio comunitario" }, "geometry": { "type": "MultiPolygon", "coordinates": [ [ [ [ -69.281361437298344, -51.667597592063707, 0.0 ], [ -69.281302550855784, -51.667562319400197, 0.0 ], [ -69.281291197755152, -51.667184896489218, 0.0 ], [ -69.281347921130802, -51.667148279081907, 0.0 ], [ -69.28282193814232, -51.667131124117347, 0.0 ], [ -69.282880825201516, -51.667166396020825, 0.0 ], [ -69.282892191505724, -51.667543818759327, 0.0 ], [ -69.282835468885267, -51.667580436908757, 0.0 ], [ -69.281361437298344, -51.667597592063707, 0.0 ] ] ] ] } },
{ "type": "Feature", "properties": { "fid": 146, "manzana": "493", "evev": "espacio comunitario" }, "geometry": { "type": "MultiPolygon", "coordinates": [ [ [ [ -69.283384617604611, -51.667574041043721, 0.0 ], [ -69.283325729625417, -51.667538769396678, 0.0 ], [ -69.283314359720251, -51.667161346705186, 0.0 ], [ -69.283371081431667, -51.667124728323252, 0.0 ], [ -69.284845096814607, -51.667107547972272, 0.0 ], [ -69.284903985410324, -51.667142818859254, 0.0 ], [ -69.284915368518995, -51.667520241377922, 0.0 ], [ -69.284858647562913, -51.667556860501954, 0.0 ], [ -69.283384617604611, -51.667574041043721, 0.0 ] ] ] ] } },
{ "type": "Feature", "properties": { "fid": 147, "manzana": "435", "evev": null }, "geometry": { "type": "MultiPolygon", "coordinates": [ [ [ [ -69.275438796281946, -51.660497326164986, 0.0 ], [ -69.275379923651585, -51.660462050469199, 0.0 ], [ -69.275368620557657, -51.660084586475143, 0.0 ], [ -69.27542533987436, -51.660047971889533, 0.0 ], [ -69.276826916636352, -51.660031728893628, 0.0 ], [ -69.276885789828526, -51.660067003865869, 0.0 ], [ -69.276892987979579, -51.660307117329396, 0.0 ], [ -69.276515283224924, -51.660484852139476, 0.0 ], [ -69.275438796281946, -51.660497326164986, 0.0 ] ] ] ] } },
{ "type": "Feature", "properties": { "fid": 148, "manzana": "433", "evev": null }, "geometry": { "type": "MultiPolygon", "coordinates": [ [ [ [ -69.281146197851953, -51.660431037834385, 0.0 ], [ -69.281087320887252, -51.660395765005568, 0.0 ], [ -69.281075971596721, -51.66001834160582, 0.0 ], [ -69.281132686220431, -51.659981724270736, 0.0 ], [ -69.282606470805646, -51.659964572337294, 0.0 ], [ -69.282665348386701, -51.659999844406258, 0.0 ], [ -69.282676710875364, -51.660377267633685, 0.0 ], [ -69.282619997006492, -51.660413885710703, 0.0 ], [ -69.281146197851953, -51.660431037834385, 0.0 ] ] ] ] } },
{ "type": "Feature", "properties": { "fid": 149, "manzana": "492", "evev": "espacio comunitario" }, "geometry": { "type": "MultiPolygon", "coordinates": [ [ [ [ -69.285928145438533, -51.667544383392737, 0.0 ], [ -69.285914583638302, -51.667095071007218, 0.0 ], [ -69.286795999152133, -51.667084780156863, 0.0 ], [ -69.286854889228039, -51.667120050020408, 0.0 ], [ -69.286866288540978, -51.667497472326623, 0.0 ], [ -69.286809569191206, -51.667534092433648, 0.0 ], [ -69.285928145438533, -51.667544383392737, 0.0 ] ] ] ] } },
{ "type": "Feature", "properties": { "fid": 150, "manzana": "491", "evev": "espacio comunitario" }, "geometry": { "type": "MultiPolygon", "coordinates": [ [ [ [ -69.287286460315656, -51.667528522803828, 0.0 ], [ -69.287227569373343, -51.667493253117257, 0.0 ], [ -69.287216167413462, -51.667115830846363, 0.0 ], [ -69.287272885914945, -51.667079210584852, 0.0 ], [ -69.287879885191984, -51.667072098243843, 0.0 ], [ -69.287938775876555, -51.667107367476866, 0.0 ], [ -69.28795018405404, -51.667484789798088, 0.0 ], [ -69.287893465594735, -51.667521410384019, 0.0 ], [ -69.287286460315656, -51.667528522803828, 0.0 ] ] ] ] } },
{ "type": "Feature", "properties": { "fid": 151, "manzana": "437", "evev": null }, "geometry": { "type": "MultiPolygon", "coordinates": [ [ [ [ -69.275484251173026, -51.662002484324368, 0.0 ], [ -69.275425376552462, -51.66196720866337, 0.0 ], [ -69.275414073856098, -51.661589784749836, 0.0 ], [ -69.275470795010719, -51.661553170149006, 0.0 ], [ -69.27687238604922, -51.661536926918835, 0.0 ], [ -69.276931261231724, -51.661572201856252, 0.0 ], [ -69.276942576527532, -51.661949625606283, 0.0 ], [ -69.276885856068077, -51.661986240914374, 0.0 ], [ -69.275484251173026, -51.662002484324368, 0.0 ] ] ] ] } },
{ "type": "Feature", "properties": { "fid": 152, "manzana": "445", "evev": null }, "geometry": { "type": "MultiPolygon", "coordinates": [ [ [ [ -69.275432564006422, -51.662218828619686, 0.0 ], [ -69.275489285929595, -51.662182214012716, 0.0 ], [ -69.27595167299603, -51.6621768571882, 0.0 ], [ -69.276010548296625, -51.662212132583115, 0.0 ], [ -69.276034644976832, -51.663016404715329, 0.0 ], [ -69.275977922455169, -51.663053019581319, 0.0 ], [ -69.275515526474408, -51.663058376521469, 0.0 ], [ -69.275456650458011, -51.663023100884601, 0.0 ], [ -69.275432564006422, -51.662218828619686, 0.0 ] ] ] ] } },
{ "type": "Feature", "properties": { "fid": 153, "manzana": "434", "evev": null }, "geometry": { "type": "MultiPolygon", "coordinates": [ [ [ [ -69.279382063327901, -51.660057928329245, 0.0 ], [ -69.279411679997153, -51.66000172995296, 0.0 ], [ -69.280728117695759, -51.659986429409933, 0.0 ], [ -69.280786993850541, -51.660021702422505, 0.0 ], [ -69.280798340741455, -51.660399125853566, 0.0 ], [ -69.280741625327849, -51.660435743025751, 0.0 ], [ -69.28019111757142, -51.660442143208805, 0.0 ], [ -69.279382063327901, -51.660057928329245, 0.0 ] ] ] ] } },
{ "type": "Feature", "properties": { "fid": 154, "manzana": "436", "evev": null }, "geometry": { "type": "MultiPolygon", "coordinates": [ [ [ [ -69.277290442849733, -51.661981548984464, 0.0 ], [ -69.277231566857296, -51.661946274230736, 0.0 ], [ -69.277220249161587, -51.661568850511891, 0.0 ], [ -69.27727696883106, -51.661532235040873, 0.0 ], [ -69.277810530806377, -51.661526045280844, 0.0 ], [ -69.278833470319682, -51.661745232927757, 0.0 ], [ -69.278889234971118, -51.661792914807776, 0.0 ], [ -69.278893260372769, -51.661926990024064, 0.0 ], [ -69.278836541517379, -51.661963606271883, 0.0 ], [ -69.277290442849733, -51.661981548984464, 0.0 ] ] ] ] } },
{ "type": "Feature", "properties": { "fid": 155, "manzana": "421", "evev": null }, "geometry": { "type": "MultiPolygon", "coordinates": [ [ [ [ -69.281128632786604, -51.659846930194583, 0.0 ], [ -69.281069756594249, -51.659811657352243, 0.0 ], [ -69.281044897185708, -51.658984920260565, 0.0 ], [ -69.281101610547722, -51.65894830293594, 0.0 ], [ -69.281708449370029, -51.658941242794604, 0.0 ], [ -69.28176732492642, -51.658976515322962, 0.0 ], [ -69.28179219747534, -51.65980325224313, 0.0 ], [ -69.281735483606653, -51.659839869896643, 0.0 ], [ -69.281128632786604, -51.659846930194583, 0.0 ] ] ] ] } },
{ "type": "Feature", "properties": { "fid": 156, "manzana": "404", "evev": null }, "geometry": { "type": "MultiPolygon", "coordinates": [ [ [ [ -69.284924596775639, -51.658229565965122, 0.0 ], [ -69.28498130606296, -51.658192946768615, 0.0 ], [ -69.285588134114619, -51.658185866597591, 0.0 ], [ -69.28564701169411, -51.658221137182608, 0.0 ], [ -69.285662194077432, -51.658724367865631, 0.0 ], [ -69.285605484678612, -51.658760987387772, 0.0 ], [ -69.284998648948871, -51.658768067659402, 0.0 ], [ -69.28493977116095, -51.658732796752943, 0.0 ], [ -69.284924596775639, -51.658229565965122, 0.0 ] ] ] ] } },
{ "type": "Feature", "properties": { "fid": 157, "manzana": "408", "evev": null }, "geometry": { "type": "MultiPolygon", "coordinates": [ [ [ [ -69.281023551288186, -51.658275004615895, 0.0 ], [ -69.281080263783508, -51.65823838729839, 0.0 ], [ -69.281687093128042, -51.658231327280753, 0.0 ], [ -69.281745967745849, -51.658266599825524, 0.0 ], [ -69.28176110693974, -51.658769831073599, 0.0 ], [ -69.281704394332735, -51.658806448716682, 0.0 ], [ -69.281097557310019, -51.658813508834534, 0.0 ], [ -69.281038682484038, -51.658778235968349, 0.0 ], [ -69.281023551288186, -51.658275004615895, 0.0 ] ] ] ] } },
{ "type": "Feature", "properties": { "fid": 158, "manzana": "422", "evev": null }, "geometry": { "type": "MultiPolygon", "coordinates": [ [ [ [ -69.281984053193128, -51.65897399297527, 0.0 ], [ -69.282040765782838, -51.658937375198221, 0.0 ], [ -69.282575361624907, -51.658931151440029, 0.0 ], [ -69.282634237839531, -51.658966423532888, 0.0 ], [ -69.282659126156844, -51.659793160247069, 0.0 ], [ -69.282602413001086, -51.659829778318212, 0.0 ], [ -69.282067806589652, -51.659836002214497, 0.0 ], [ -69.282008929684153, -51.659800729843944, 0.0 ], [ -69.281984053193128, -51.65897399297527, 0.0 ] ] ] ] } },
{ "type": "Feature", "properties": { "fid": 159, "manzana": "424", "evev": null }, "geometry": { "type": "MultiPolygon", "coordinates": [ [ [ [ -69.284681958151168, -51.6597695873742, 0.0 ], [ -69.284625246659004, -51.659806206419681, 0.0 ], [ -69.284018396796384, -51.659813281646905, 0.0 ], [ -69.283959518409844, -51.659778010256268, 0.0 ], [ -69.283934606439956, -51.658951273851414, 0.0 ], [ -69.283991317425617, -51.658914655134822, 0.0 ], [ -69.284598155290595, -51.658907580064664, 0.0 ], [ -69.284657033041, -51.658942851141383, 0.0 ], [ -69.284681958151168, -51.6597695873742, 0.0 ] ] ] ] } },
{ "type": "Feature", "properties": { "fid": 160, "manzana": "406", "evev": null }, "geometry": { "type": "MultiPolygon", "coordinates": [ [ [ [ -69.283046316652218, -51.658251460006511, 0.0 ], [ -69.283103027484216, -51.658214841714667, 0.0 ], [ -69.283637614660549, -51.658208613133858, 0.0 ], [ -69.283696490759269, -51.658243884698749, 0.0 ], [ -69.283711651547904, -51.658747115664596, 0.0 ], [ -69.28365494054492, -51.658783734247216, 0.0 ], [ -69.283120346604491, -51.658789962916522, 0.0 ], [ -69.283061470242643, -51.658754691066505, 0.0 ], [ -69.283046316652218, -51.658251460006511, 0.0 ] ] ] ] } },
{ "type": "Feature", "properties": { "fid": 161, "manzana": "405", "evev": null }, "geometry": { "type": "MultiPolygon", "coordinates": [ [ [ [ -69.28391321541028, -51.658241358796431, 0.0 ], [ -69.28396992552932, -51.658204740087079, 0.0 ], [ -69.28457675391661, -51.658197665140982, 0.0 ], [ -69.284635630728346, -51.658232936234121, 0.0 ], [ -69.28465080191441, -51.65873616706385, 0.0 ], [ -69.284594091683786, -51.658772786098808, 0.0 ], [ -69.283987255618413, -51.658779861145412, 0.0 ], [ -69.283928378598361, -51.658744589730894, 0.0 ], [ -69.28391321541028, -51.658241358796431, 0.0 ] ] ] ] } },
{ "type": "Feature", "properties": { "fid": 162, "manzana": "425", "evev": null }, "geometry": { "type": "MultiPolygon", "coordinates": [ [ [ [ -69.285693373309499, -51.659757787874661, 0.0 ], [ -69.285636662649182, -51.659794407407318, 0.0 ], [ -69.285029813122236, -51.659801487859781, 0.0 ], [ -69.284970933967784, -51.659766216977282, 0.0 ], [ -69.284946003601519, -51.658939480813302, 0.0 ], [ -69.285002713755404, -51.65890286160954, 0.0 ], [ -69.285609551284708, -51.658895781314314, 0.0 ], [ -69.285668429802968, -51.658931051882895, 0.0 ], [ -69.285693373309499, -51.659757787874661, 0.0 ] ] ] ] } },
{ "type": "Feature", "properties": { "fid": 163, "manzana": "412", "evev": null }, "geometry": { "type": "MultiPolygon", "coordinates": [ [ [ [ -69.277860011502156, -51.658815164721375, 0.0 ], [ -69.277803295687335, -51.658851780485222, 0.0 ], [ -69.277196457376235, -51.65885882044919, 0.0 ], [ -69.277137585512605, -51.658823545623427, 0.0 ], [ -69.27712249750661, -51.658320313708622, 0.0 ], [ -69.27717921320955, -51.658283698270338, 0.0 ], [ -69.277786043842411, -51.658276658406194, 0.0 ], [ -69.277844915497994, -51.658311932910529, 0.0 ], [ -69.277860011502156, -51.658815164721375, 0.0 ] ] ] ] } },
{ "type": "Feature", "properties": { "fid": 164, "manzana": "418", "evev": null }, "geometry": { "type": "MultiPolygon", "coordinates": [ [ [ [ -69.27808294047685, -51.659019334051997, 0.0 ], [ -69.278139656274405, -51.658982718154192, 0.0 ], [ -69.278746496075357, -51.658975673314963, 0.0 ], [ -69.278805369382638, -51.65901094733119, 0.0 ], [ -69.278830188055935, -51.659837684953708, 0.0 ], [ -69.278773471751535, -51.65987430118038, 0.0 ], [ -69.278166619952756, -51.659881346175723, 0.0 ], [ -69.278107746009709, -51.659846071845486, 0.0 ], [ -69.27808294047685, -51.659019334051997, 0.0 ] ] ] ] } },
{ "type": "Feature", "properties": { "fid": 165, "manzana": "423", "evev": null }, "geometry": { "type": "MultiPolygon", "coordinates": [ [ [ [ -69.28374278643183, -51.659780536254502, 0.0 ], [ -69.283686074167264, -51.659817154847588, 0.0 ], [ -69.28315146807212, -51.659823383675878, 0.0 ], [ -69.283092590343784, -51.6597881118497, 0.0 ], [ -69.283067694142261, -51.658961375238597, 0.0 ], [ -69.283124405840837, -51.658924756939562, 0.0 ], [ -69.283659001366644, -51.658918528249536, 0.0 ], [ -69.283717878404019, -51.658953799798027, 0.0 ], [ -69.28374278643183, -51.659780536254502, 0.0 ] ] ] ] } },
{ "type": "Feature", "properties": { "fid": 166, "manzana": "411", "evev": null }, "geometry": { "type": "MultiPolygon", "coordinates": [ [ [ [ -69.278799164864466, -51.658804262906251, 0.0 ], [ -69.278742449821877, -51.65884087912255, 0.0 ], [ -69.278135611820545, -51.658847923938374, 0.0 ], [ -69.278076739243701, -51.658812649584341, 0.0 ], [ -69.278061640840122, -51.658309417804723, 0.0 ], [ -69.278118355770886, -51.658272801914023, 0.0 ], [ -69.278725186094022, -51.658265757198102, 0.0 ], [ -69.278784058462762, -51.6583010312307, 0.0 ], [ -69.278799164864466, -51.658804262906251, 0.0 ] ] ] ] } },
{ "type": "Feature", "properties": { "fid": 167, "manzana": "414", "evev": null }, "geometry": { "type": "MultiPolygon", "coordinates": [ [ [ [ -69.27524420940297, -51.658342082990288, 0.0 ], [ -69.275300926650161, -51.658305468456888, 0.0 ], [ -69.275835516096564, -51.658299275384564, 0.0 ], [ -69.275894386270863, -51.658334550868624, 0.0 ], [ -69.275909460679998, -51.658837782959978, 0.0 ], [ -69.275852743261439, -51.658874397784153, 0.0 ], [ -69.275318147050868, -51.658880590944207, 0.0 ], [ -69.275259276613752, -51.658845315175007, 0.0 ], [ -69.27524420940297, -51.658342082990288, 0.0 ] ] ] ] } },
{ "type": "Feature", "properties": { "fid": 168, "manzana": "416", "evev": null }, "geometry": { "type": "MultiPolygon", "coordinates": [ [ [ [ -69.276216023529955, -51.659903969569235, 0.0 ], [ -69.276157151068247, -51.659868694259202, 0.0 ], [ -69.276132381014705, -51.659041956004778, 0.0 ], [ -69.276189098415998, -51.659005341046608, 0.0 ], [ -69.276795938860033, -51.658998306284403, 0.0 ], [ -69.276854810686032, -51.659033581280411, 0.0 ], [ -69.276879593880096, -51.659860319364206, 0.0 ], [ -69.276822875971817, -51.659896934651215, 0.0 ], [ -69.276216023529955, -51.659903969569235, 0.0 ] ] ] ] } },
{ "type": "Feature", "properties": { "fid": 169, "manzana": "417", "evev": null }, "geometry": { "type": "MultiPolygon", "coordinates": [ [ [ [ -69.277227444155301, -51.659892242964119, 0.0 ], [ -69.277168570925497, -51.659856968162146, 0.0 ], [ -69.277143782475235, -51.659030230146605, 0.0 ], [ -69.277200499044966, -51.658993614701195, 0.0 ], [ -69.277807339155714, -51.658986574713857, 0.0 ], [ -69.277866211749782, -51.659021849201878, 0.0 ], [ -69.277891013340508, -51.659848587046596, 0.0 ], [ -69.277834296263848, -51.65988520282081, 0.0 ], [ -69.277227444155301, -51.659892242964119, 0.0 ] ] ] ] } },
{ "type": "Feature", "properties": { "fid": 170, "manzana": "413", "evev": null }, "geometry": { "type": "MultiPolygon", "coordinates": [ [ [ [ -69.276111111842539, -51.65833203936166, 0.0 ], [ -69.276167828376984, -51.658295424410625, 0.0 ], [ -69.276774659343147, -51.658288389771457, 0.0 ], [ -69.276833530230689, -51.658323664783808, 0.0 ], [ -69.276848615037423, -51.658826896740166, 0.0 ], [ -69.276791898391039, -51.658863512016801, 0.0 ], [ -69.276185059746638, -51.658870546755644, 0.0 ], [ -69.276126188651119, -51.658835271421886, 0.0 ], [ -69.276111111842539, -51.65833203936166, 0.0 ] ] ] ] } },
{ "type": "Feature", "properties": { "fid": 171, "manzana": "490", "evev": null }, "geometry": { "type": "MultiPolygon", "coordinates": [ [ [ [ -69.27615348684877, -51.66699284015602, 0.0 ], [ -69.276096759506757, -51.667029455061225, 0.0 ], [ -69.275634323062889, -51.667034812525088, 0.0 ], [ -69.275575441751172, -51.666999536979894, 0.0 ], [ -69.275547312217512, -51.666060466731672, 0.0 ], [ -69.275604038796246, -51.666023852086873, 0.0 ], [ -69.276066464951995, -51.6660184947565, 0.0 ], [ -69.276125345369451, -51.666053770062753, 0.0 ], [ -69.27615348684877, -51.66699284015602, 0.0 ] ] ] ] } },
{ "type": "Feature", "properties": { "fid": 172, "manzana": "4341", "evev": null }, "geometry": { "type": "MultiPolygon", "coordinates": [ [ [ [ -69.277236875211827, -51.660206762821673, 0.0 ], [ -69.277178001566185, -51.660171488026926, 0.0 ], [ -69.277174768188004, -51.660063652646727, 0.0 ], [ -69.277231486019687, -51.660027037190943, 0.0 ], [ -69.27752683316821, -51.660023611234067, 0.0 ], [ -69.278778385134487, -51.660009085281061, 0.0 ], [ -69.279048129386823, -51.660161103047379, 0.0 ], [ -69.279033169302608, -51.660185914741355, 0.0 ], [ -69.277236875211827, -51.660206762821673, 0.0 ] ] ] ] } },
{ "type": "Feature", "properties": { "fid": 173, "manzana": "415", "evev": null }, "geometry": { "type": "MultiPolygon", "coordinates": [ [ [ [ -69.275265465035304, -51.659051999809037, 0.0 ], [ -69.275322183149356, -51.659015385268532, 0.0 ], [ -69.275856780945304, -51.659009192087922, 0.0 ], [ -69.27591565205806, -51.65904446755566, 0.0 ], [ -69.275940418169469, -51.659871205861272, 0.0 ], [ -69.275883699488986, -51.659907820695793, 0.0 ], [ -69.275349091123488, -51.65991401401353, 0.0 ], [ -69.27529021932024, -51.659878738268041, 0.0 ], [ -69.275265465035304, -51.659051999809037, 0.0 ] ] ] ] } },
{ "type": "Feature", "properties": { "fid": 174, "manzana": "432", "evev": null }, "geometry": { "type": "MultiPolygon", "coordinates": [ [ [ [ -69.283770897648921, -51.660813991906785, 0.0 ], [ -69.283714184120271, -51.66085061050893, 0.0 ], [ -69.28317956586875, -51.660856839482413, 0.0 ], [ -69.283120686776201, -51.660821567678639, 0.0 ], [ -69.283095789423598, -51.659994831221233, 0.0 ], [ -69.283152502386287, -51.659958212913203, 0.0 ], [ -69.283687110067788, -51.659951984077964, 0.0 ], [ -69.283745988469349, -51.659987255604058, 0.0 ], [ -69.283770897648921, -51.660813991906785, 0.0 ] ] ] ] } },
{ "type": "Feature", "properties": { "fid": 175, "manzana": "4711", "evev": null }, "geometry": { "type": "MultiPolygon", "coordinates": [ [ [ [ -69.287895437817483, -51.665665087560548, 0.0 ], [ -69.2878387215804, -51.665701708127997, 0.0 ], [ -69.287231793526118, -51.66570880007108, 0.0 ], [ -69.287172904991039, -51.665673530342438, 0.0 ], [ -69.287161503648306, -51.665296107951455, 0.0 ], [ -69.287218219927482, -51.665259487708383, 0.0 ], [ -69.287825141980861, -51.665252395844085, 0.0 ], [ -69.287884030473819, -51.665287665248371, 0.0 ], [ -69.287895437817483, -51.665665087560548, 0.0 ] ] ] ] } },
{ "type": "Feature", "properties": { "fid": 176, "manzana": "496", "evev": null }, "geometry": { "type": "MultiPolygon", "coordinates": [ [ [ [ -69.277459583265738, -51.667642913487079, 0.0 ], [ -69.277400698814503, -51.667607638874571, 0.0 ], [ -69.277389378122805, -51.667230215541707, 0.0 ], [ -69.277446105680212, -51.667193600002967, 0.0 ], [ -69.278992381683253, -51.66717565499286, 0.0 ], [ -69.279051265833729, -51.667210928820275, 0.0 ], [ -69.279062600329269, -51.667588351973599, 0.0 ], [ -69.27900587455872, -51.667624968278091, 0.0 ], [ -69.277459583265738, -51.667642913487079, 0.0 ] ] ] ] } },
{ "type": "Feature", "properties": { "fid": 177, "manzana": "498", "evev": null }, "geometry": { "type": "MultiPolygon", "coordinates": [ [ [ [ -69.287235172562745, -51.667744907026716, 0.0 ], [ -69.287291891832481, -51.66770828675881, 0.0 ], [ -69.287898846593535, -51.667701194466503, 0.0 ], [ -69.287957738326014, -51.667736463814038, 0.0 ], [ -69.287986124159133, -51.668675526012329, 0.0 ], [ -69.287929404245631, -51.66871214661041, 0.0 ], [ -69.287322435980499, -51.668719239080104, 0.0 ], [ -69.287263543462672, -51.668683969421124, 0.0 ], [ -69.287235172562745, -51.667744907026716, 0.0 ] ] ] ] } },
{ "type": "Feature", "properties": { "fid": 178, "manzana": "501", "evev": null }, "geometry": { "type": "MultiPolygon", "coordinates": [ [ [ [ -69.284951281455903, -51.668710919385788, 0.0 ], [ -69.284894559045554, -51.668747538521977, 0.0 ], [ -69.284287589772219, -51.668754615310924, 0.0 ], [ -69.284228699559222, -51.668719344127105, 0.0 ], [ -69.284200391379159, -51.667780280910542, 0.0 ], [ -69.284257113145543, -51.667743662104499, 0.0 ], [ -69.2848640689147, -51.667736585492335, 0.0 ], [ -69.28492295834252, -51.667771856364709, 0.0 ], [ -69.284951281455903, -51.668710919385788, 0.0 ] ] ] ] } },
{ "type": "Feature", "properties": { "fid": 179, "manzana": "502", "evev": null }, "geometry": { "type": "MultiPolygon", "coordinates": [ [ [ [ -69.284011924339254, -51.668721870674887, 0.0 ], [ -69.28395520113277, -51.668758489373644, 0.0 ], [ -69.283438404171491, -51.668764510886575, 0.0 ], [ -69.283378388886931, -51.668728565032978, 0.0 ], [ -69.283368995814598, -51.668652952212241, 0.0 ], [ -69.283355914946156, -51.668540737011448, 0.0 ], [ -69.283352530865784, -51.668428408852456, 0.0 ], [ -69.28333330870143, -51.667790384521361, 0.0 ], [ -69.283390031181099, -51.667753766133018, 0.0 ], [ -69.283924730574981, -51.667747536085891, 0.0 ], [ -69.283983619289501, -51.667782807430243, 0.0 ], [ -69.284011924339254, -51.668721870674887, 0.0 ] ] ] ] } },
{ "type": "Feature", "properties": { "fid": 180, "manzana": "499", "evev": null }, "geometry": { "type": "MultiPolygon", "coordinates": [ [ [ [ -69.286151321524656, -51.667757524436858, 0.0 ], [ -69.28620804168601, -51.667720904691031, 0.0 ], [ -69.286814996807124, -51.667713817998788, 0.0 ], [ -69.28687388771651, -51.667749087890918, 0.0 ], [ -69.286902251149726, -51.668688150383353, 0.0 ], [ -69.286845530344493, -51.668724770459384, 0.0 ], [ -69.286238561719301, -51.66873185732878, 0.0 ], [ -69.286179670024609, -51.668696587125211, 0.0 ], [ -69.286151321524656, -51.667757524436858, 0.0 ] ] ] ] } },
{ "type": "Feature", "properties": { "fid": 181, "manzana": "500", "evev": null }, "geometry": { "type": "MultiPolygon", "coordinates": [ [ [ [ -69.285211984075403, -51.667768485313339, 0.0 ], [ -69.285268705009571, -51.667731866020006, 0.0 ], [ -69.285875660442827, -51.667724784181146, 0.0 ], [ -69.285934550762036, -51.667760054619016, 0.0 ], [ -69.285962894777455, -51.668699117215759, 0.0 ], [ -69.285906173080775, -51.668735736915863, 0.0 ], [ -69.285299204143371, -51.668742818931712, 0.0 ], [ -69.285240313162063, -51.668707548256158, 0.0 ], [ -69.285211984075403, -51.667768485313339, 0.0 ] ] ] ] } },
{ "type": "Feature", "properties": { "fid": 182, "manzana": "489", "evev": null }, "geometry": { "type": "MultiPolygon", "coordinates": [ [ [ [ -69.27634210788726, -51.666051262501831, 0.0 ], [ -69.276398833849626, -51.666014647473588, 0.0 ], [ -69.277005767893471, -51.666007611497676, 0.0 ], [ -69.277064648987277, -51.666042886332605, 0.0 ], [ -69.277092809769044, -51.666981951735544, 0.0 ], [ -69.277036083138981, -51.667018567108826, 0.0 ], [ -69.276429135591911, -51.6670256032601, 0.0 ], [ -69.276370253713637, -51.666990328113741, 0.0 ], [ -69.27634210788726, -51.666051262501831, 0.0 ] ] ] ] } },
{ "type": "Feature", "properties": { "fid": 183, "manzana": "473", "evev": null }, "geometry": { "type": "MultiPolygon", "coordinates": [ [ [ [ -69.283330107388309, -51.665754316270167, 0.0 ], [ -69.283271221816065, -51.665719044581166, 0.0 ], [ -69.28325985287843, -51.665341621765656, 0.0 ], [ -69.283316572367212, -51.665305003401954, 0.0 ], [ -69.28479052872369, -51.665287823819533, 0.0 ], [ -69.284849414912358, -51.665323094748494, 0.0 ], [ -69.284860797052133, -51.665700517391258, 0.0 ], [ -69.284804078318558, -51.665737136496965, 0.0 ], [ -69.283330107388309, -51.665754316270167, 0.0 ] ] ] ] } },
{ "type": "Feature", "properties": { "fid": 184, "manzana": "464", "evev": null }, "geometry": { "type": "MultiPolygon", "coordinates": [ [ [ [ -69.282140899357771, -51.664186027486281, 0.0 ], [ -69.282197618311272, -51.664149409656638, 0.0 ], [ -69.282732275463474, -51.664143185097444, 0.0 ], [ -69.282791158570589, -51.664178457069845, 0.0 ], [ -69.282816052969579, -51.665005193005143, 0.0 ], [ -69.282759333449775, -51.665041811129022, 0.0 ], [ -69.282224665724954, -51.665048035826317, 0.0 ], [ -69.282165781926878, -51.665012763576321, 0.0 ], [ -69.282140899357771, -51.664186027486281, 0.0 ] ] ] ] } },
{ "type": "Feature", "properties": { "fid": 185, "manzana": "478", "evev": null }, "geometry": { "type": "MultiPolygon", "coordinates": [ [ [ [ -69.287180298676262, -51.665925147677342, 0.0 ], [ -69.287237015723747, -51.66588852742796, 0.0 ], [ -69.287843946178484, -51.665881435454374, 0.0 ], [ -69.287902835503502, -51.665916704844186, 0.0 ], [ -69.287931220264483, -51.666855767320904, 0.0 ], [ -69.287874502549997, -51.666892387915489, 0.0 ], [ -69.287267558592362, -51.666899480066427, 0.0 ], [ -69.287208668506452, -51.666864210379821, 0.0 ], [ -69.287180298676262, -51.665925147677342, 0.0 ] ] ] ] } },
{ "type": "Feature", "properties": { "fid": 186, "manzana": "479", "evev": null }, "geometry": { "type": "MultiPolygon", "coordinates": [ [ [ [ -69.286847391842002, -51.666868430206172, 0.0 ], [ -69.286790673235856, -51.666905050278707, 0.0 ], [ -69.286183728917692, -51.666912136829758, 0.0 ], [ -69.286124839654818, -51.666876866598585, 0.0 ], [ -69.286096492222129, -51.665937803602205, 0.0 ], [ -69.286153210161203, -51.665901183874873, 0.0 ], [ -69.286760140976455, -51.66589409750096, 0.0 ], [ -69.286819029478536, -51.665929367435346, 0.0 ], [ -69.286847391842002, -51.666868430206172, 0.0 ] ] ] ] } },
{ "type": "Feature", "properties": { "fid": 187, "manzana": "480", "evev": null }, "geometry": { "type": "MultiPolygon", "coordinates": [ [ [ [ -69.285157193361499, -51.665948763975152, 0.0 ], [ -69.285213912073317, -51.665912144700229, 0.0 ], [ -69.285820843200668, -51.665905063179402, 0.0 ], [ -69.285879730989478, -51.665940333585695, 0.0 ], [ -69.285908073941769, -51.666879396611165, 0.0 ], [ -69.285851354562851, -51.666916016231234, 0.0 ], [ -69.285244409932531, -51.66692309792905, 0.0 ], [ -69.285185521382957, -51.666887827225928, 0.0 ], [ -69.285157193361499, -51.665948763975152, 0.0 ] ] ] ] } },
{ "type": "Feature", "properties": { "fid": 188, "manzana": "482", "evev": null }, "geometry": { "type": "MultiPolygon", "coordinates": [ [ [ [ -69.283957181375172, -51.666902148991277, 0.0 ], [ -69.283900460391294, -51.666938767671603, 0.0 ], [ -69.283365770514337, -51.666944997594747, 0.0 ], [ -69.283306883391475, -51.666909725947775, 0.0 ], [ -69.283278594192566, -51.665970662188805, 0.0 ], [ -69.283335314449729, -51.665934043818879, 0.0 ], [ -69.283869992431278, -51.665927814051301, 0.0 ], [ -69.283928878738578, -51.665963085437738, 0.0 ], [ -69.283957181375172, -51.666902148991277, 0.0 ] ] ] ] } },
{ "type": "Feature", "properties": { "fid": 189, "manzana": "481", "evev": null }, "geometry": { "type": "MultiPolygon", "coordinates": [ [ [ [ -69.284145640202539, -51.665960559054092, 0.0 ], [ -69.284202359746445, -51.665923940266495, 0.0 ], [ -69.284809291209683, -51.665916863971994, 0.0 ], [ -69.284868178230354, -51.665952134886552, 0.0 ], [ -69.284896500278251, -51.666891198185972, 0.0 ], [ -69.284839780067117, -51.666927817318751, 0.0 ], [ -69.284232835100937, -51.666934893790014, 0.0 ], [ -69.284173947319587, -51.666899622578633, 0.0 ], [ -69.284145640202539, -51.665960559054092, 0.0 ] ] ] ] } },
{ "type": "Feature", "properties": { "fid": 190, "manzana": "484", "evev": null }, "geometry": { "type": "MultiPolygon", "coordinates": [ [ [ [ -69.281255691732994, -51.665994208880377, 0.0 ], [ -69.281312413654078, -51.665957591484975, 0.0 ], [ -69.281919346075114, -51.665950530121989, 0.0 ], [ -69.281978230901075, -51.665985802488471, 0.0 ], [ -69.282006493213643, -51.666924866153899, 0.0 ], [ -69.282006493226135, -51.666924866568898, 0.0 ], [ -69.281949770637652, -51.666961484309489, 0.0 ], [ -69.281342824713533, -51.666968545848754, 0.0 ], [ -69.281283939127093, -51.666933273185379, 0.0 ], [ -69.281255691732994, -51.665994208880377, 0.0 ] ] ] ] } },
{ "type": "Feature", "properties": { "fid": 191, "manzana": "474", "evev": null }, "geometry": { "type": "MultiPolygon", "coordinates": [ [ [ [ -69.281236771930594, -51.665365170496848, 0.0 ], [ -69.281293493083439, -51.665328553107742, 0.0 ], [ -69.28276745106821, -51.66531139891007, 0.0 ], [ -69.282826335720515, -51.665346670855435, 0.0 ], [ -69.282837701057588, -51.665724093718048, 0.0 ], [ -69.282780980659851, -51.665760711849174, 0.0 ], [ -69.28130700810128, -51.665777866237242, 0.0 ], [ -69.281248124065456, -51.665742593531817, 0.0 ], [ -69.281236771930594, -51.665365170496848, 0.0 ] ] ] ] } },
{ "type": "Feature", "properties": { "fid": 192, "manzana": "472", "evev": null }, "geometry": { "type": "MultiPolygon", "coordinates": [ [ [ [ -69.286741351485844, -51.66526505769906, 0.0 ], [ -69.286800240146562, -51.66530032824123, 0.0 ], [ -69.286811638452363, -51.665677749462105, 0.0 ], [ -69.286754920369447, -51.665714370123617, 0.0 ], [ -69.285208697581766, -51.665732417245451, 0.0 ], [ -69.285149810582936, -51.665697146500285, 0.0 ], [ -69.285138426042764, -51.665319723888942, 0.0 ], [ -69.285195143986286, -51.665283104620364, 0.0 ], [ -69.286741351485844, -51.66526505769906, 0.0 ] ] ] ] } },
{ "type": "Feature", "properties": { "fid": 193, "manzana": "483", "evev": null }, "geometry": { "type": "MultiPolygon", "coordinates": [ [ [ [ -69.282194787075213, -51.665983282096349, 0.0 ], [ -69.282251508223865, -51.66594666424853, 0.0 ], [ -69.282786186521861, -51.665940439414022, 0.0 ], [ -69.282845072006069, -51.665975711344956, 0.0 ], [ -69.282873352245048, -51.666914775191401, 0.0 ], [ -69.282816630369567, -51.666951393349613, 0.0 ], [ -69.282281940176134, -51.666957618339531, 0.0 ], [ -69.28222305387645, -51.666922346148034, 0.0 ], [ -69.282194787075213, -51.665983282096349, 0.0 ] ] ] ] } },
{ "type": "Feature", "properties": { "fid": 194, "manzana": "477", "evev": null }, "geometry": { "type": "MultiPolygon", "coordinates": [ [ [ [ -69.275598966925912, -51.665844122941778, 0.0 ], [ -69.275540087225863, -51.665808847368936, 0.0 ], [ -69.275528782499151, -51.665431423717237, 0.0 ], [ -69.27558550834641, -51.665394809078123, 0.0 ], [ -69.276987216897524, -51.665378564325614, 0.0 ], [ -69.277046097159626, -51.665413839174818, 0.0 ], [ -69.277057414488539, -51.665791262662914, 0.0 ], [ -69.277000689336603, -51.665827878009374, 0.0 ], [ -69.275598966925912, -51.665844122941778, 0.0 ] ] ] ] } },
{ "type": "Feature", "properties": { "fid": 195, "manzana": "485", "evev": null }, "geometry": { "type": "MultiPolygon", "coordinates": [ [ [ [ -69.280244136953499, -51.666005970356657, 0.0 ], [ -69.280300859706614, -51.665969353448538, 0.0 ], [ -69.28090779246233, -51.66596229731195, 0.0 ], [ -69.280966676519981, -51.66599757018664, 0.0 ], [ -69.280994917940461, -51.666936634539908, 0.0 ], [ -69.280938194519891, -51.666973251793166, 0.0 ], [ -69.280331248261092, -51.666980308105792, 0.0 ], [ -69.280272363443004, -51.666945034934272, 0.0 ], [ -69.280244136953499, -51.666005970356657, 0.0 ] ] ] ] } },
{ "type": "Feature", "properties": { "fid": 196, "manzana": "475", "evev": null }, "geometry": { "type": "MultiPolygon", "coordinates": [ [ [ [ -69.280888875986307, -51.665333258879187, 0.0 ], [ -69.280947760202537, -51.665368532361761, 0.0 ], [ -69.28095910990065, -51.665745954218629, 0.0 ], [ -69.280902387003422, -51.665782572060792, 0.0 ], [ -69.279356159274158, -51.665800542147188, 0.0 ], [ -69.279297276720129, -51.665765268461733, 0.0 ], [ -69.279285940787972, -51.665387845215527, 0.0 ], [ -69.279342663545336, -51.665351228766283, 0.0 ], [ -69.280888875986307, -51.665333258879187, 0.0 ] ] ] ] } },
{ "type": "Feature", "properties": { "fid": 197, "manzana": "476", "evev": null }, "geometry": { "type": "MultiPolygon", "coordinates": [ [ [ [ -69.278938047963337, -51.665355927795616, 0.0 ], [ -69.278996929707219, -51.665391201664811, 0.0 ], [ -69.279008263238978, -51.665768624942238, 0.0 ], [ -69.27895153969142, -51.66580524122859, 0.0 ], [ -69.277405310320788, -51.665823185636299, 0.0 ], [ -69.277346429248624, -51.665787910970892, 0.0 ], [ -69.277335109519257, -51.66541048751391, 0.0 ], [ -69.277391833881026, -51.665373872004515, 0.0 ], [ -69.278938047963337, -51.665355927795616, 0.0 ] ] ] ] } },
{ "type": "Feature", "properties": { "fid": 198, "manzana": "488", "evev": null }, "geometry": { "type": "MultiPolygon", "coordinates": [ [ [ [ -69.278104698109018, -51.666970204909411, 0.0 ], [ -69.278104698241748, -51.666970209332611, 0.0 ], [ -69.278047972443972, -51.667006825193432, 0.0 ], [ -69.277441025230587, -51.667013866572916, 0.0 ], [ -69.277382142607863, -51.666978591949402, 0.0 ], [ -69.27735397584604, -51.66603952659456, 0.0 ], [ -69.277410700976233, -51.666002911078806, 0.0 ], [ -69.278017634686393, -51.665995869874841, 0.0 ], [ -69.27807651654885, -51.666031144201469, 0.0 ], [ -69.278104698109018, -51.666970204909411, 0.0 ] ] ] ] } },
{ "type": "Feature", "properties": { "fid": 199, "manzana": "403", "evev": null }, "geometry": { "type": "MultiPolygon", "coordinates": [ [ [ [ -69.286601343441831, -51.658713403669736, 0.0 ], [ -69.286544634815385, -51.658750023644188, 0.0 ], [ -69.285937799397587, -51.658757108767659, 0.0 ], [ -69.285878920896693, -51.658721838333022, 0.0 ], [ -69.285863736113967, -51.658218607681491, 0.0 ], [ -69.285920444628943, -51.658181988032624, 0.0 ], [ -69.286527272368645, -51.658174903009879, 0.0 ], [ -69.28658615066108, -51.658210173123102, 0.0 ], [ -69.286601343441831, -51.658713403669736, 0.0 ] ] ] ] } },
{ "type": "Feature", "properties": { "fid": 200, "manzana": "486", "evev": null }, "geometry": { "type": "MultiPolygon", "coordinates": [ [ [ [ -69.279304835092006, -51.666016883933615, 0.0 ], [ -69.27936155861768, -51.665980267478005, 0.0 ], [ -69.279968491683874, -51.66597321619453, 0.0 ], [ -69.280027375028126, -51.666008489541092, 0.0 ], [ -69.28005559703719, -51.666947554147413, 0.0 ], [ -69.27999887284399, -51.666984170948147, 0.0 ], [ -69.27939192627467, -51.666991222407539, 0.0 ], [ -69.279333042170052, -51.666955948764119, 0.0 ], [ -69.279304835092006, -51.666016883933615, 0.0 ] ] ] ] } },
{ "type": "Feature", "properties": { "fid": 201, "manzana": "487", "evev": null }, "geometry": { "type": "MultiPolygon", "coordinates": [ [ [ [ -69.278293278704282, -51.666028628616871, 0.0 ], [ -69.278350003061917, -51.665992012648601, 0.0 ], [ -69.278956936462194, -51.665984966591559, 0.0 ], [ -69.279015819038122, -51.666020240446301, 0.0 ], [ -69.279044020118491, -51.666959304524383, 0.0 ], [ -69.279044020142521, -51.666959305324859, 0.0 ], [ -69.278987295117304, -51.66699592163824, 0.0 ], [ -69.278380348213872, -51.667002967871035, 0.0 ], [ -69.278321464877621, -51.666967693719407, 0.0 ], [ -69.278293278704282, -51.666028628616871, 0.0 ] ] ] ] } },
{ "type": "Feature", "properties": { "fid": 202, "manzana": "426", "evev": null }, "geometry": { "type": "MultiPolygon", "coordinates": [ [ [ [ -69.286632544026631, -51.659746823398685, 0.0 ], [ -69.286575834138787, -51.659783443383695, 0.0 ], [ -69.285968984923812, -51.659790528688163, 0.0 ], [ -69.285910105056331, -51.659755258277471, 0.0 ], [ -69.285885157607723, -51.658928522337362, 0.0 ], [ -69.285941866989191, -51.65889190268129, 0.0 ], [ -69.286548704206581, -51.658884817534215, 0.0 ], [ -69.286607583437799, -51.658920087630953, 0.0 ], [ -69.286632544026631, -51.659746823398685, 0.0 ] ] ] ] } },
{ "type": "Feature", "properties": { "fid": 203, "manzana": "428", "evev": null }, "geometry": { "type": "MultiPolygon", "coordinates": [ [ [ [ -69.287000005345618, -51.659949288194156, 0.0 ], [ -69.287056715097222, -51.659912668005603, 0.0 ], [ -69.287663565751629, -51.659905577079044, 0.0 ], [ -69.287722447172158, -51.659940846607405, 0.0 ], [ -69.287747428682408, -51.660767581961785, 0.0 ], [ -69.287690718424443, -51.660804202479262, 0.0 ], [ -69.287083855771755, -51.660811293563384, 0.0 ], [ -69.287024973714892, -51.660776023721134, 0.0 ], [ -69.287000005345618, -51.659949288194156, 0.0 ] ] ] ] } },
{ "type": "Feature", "properties": { "fid": 204, "manzana": "402", "evev": null }, "geometry": { "type": "MultiPolygon", "coordinates": [ [ [ [ -69.287684976723455, -51.658700743344049, 0.0 ], [ -69.287628268988257, -51.658737363840444, 0.0 ], [ -69.287021433930704, -51.658744454562139, 0.0 ], [ -69.2869625546072, -51.658709184671935, 0.0 ], [ -69.286947357827472, -51.658205954177788, 0.0 ], [ -69.287004065451185, -51.658169334007042, 0.0 ], [ -69.287610892830671, -51.658162243386151, 0.0 ], [ -69.28766977194573, -51.658197512954949, 0.0 ], [ -69.287684976723455, -51.658700743344049, 0.0 ] ] ] ] } },
{ "type": "Feature", "properties": { "fid": 205, "manzana": "427", "evev": null }, "geometry": { "type": "MultiPolygon", "coordinates": [ [ [ [ -69.287716201945997, -51.65973416274948, 0.0 ], [ -69.287659492949444, -51.65977078325642, 0.0 ], [ -69.287052644094729, -51.659777874159339, 0.0 ], [ -69.286993763404595, -51.6597426042931, 0.0 ], [ -69.28696879624566, -51.658915868611622, 0.0 ], [ -69.287025504735894, -51.658879248433614, 0.0 ], [ -69.287632341592996, -51.658872157688258, 0.0 ], [ -69.287691221646853, -51.658907427240571, 0.0 ], [ -69.287716201945997, -51.65973416274948, 0.0 ] ] ] ] } },
{ "type": "Feature", "properties": { "fid": 206, "manzana": "431", "evev": null }, "geometry": { "type": "MultiPolygon", "coordinates": [ [ [ [ -69.284710090723948, -51.660803042771178, 0.0 ], [ -69.284653377967729, -51.66083966182569, 0.0 ], [ -69.284046514306013, -51.660846737217916, 0.0 ], [ -69.283987634555189, -51.66081146584969, 0.0 ], [ -69.283962721433269, -51.659984729598555, 0.0 ], [ -69.284019433683014, -51.659948110872953, 0.0 ], [ -69.284626285346334, -51.659941035637786, 0.0 ], [ -69.284685164460981, -51.659976306692087, 0.0 ], [ -69.284710090723948, -51.660803042771178, 0.0 ] ] ] ] } },
{ "type": "Feature", "properties": { "fid": 207, "manzana": "409", "evev": null }, "geometry": { "type": "MultiPolygon", "coordinates": [ [ [ [ -69.280086161826233, -51.658825268730865, 0.0 ], [ -69.280027287768206, -51.658789995356614, 0.0 ], [ -69.280012167769698, -51.658286763858136, 0.0 ], [ -69.280068881096696, -51.65825014702785, 0.0 ], [ -69.280675710775654, -51.658243092235161, 0.0 ], [ -69.280734584625492, -51.658278365287998, 0.0 ], [ -69.280749712622111, -51.658781596682189, 0.0 ], [ -69.280692999183401, -51.65881821383811, 0.0 ], [ -69.280086161826233, -51.658825268730865, 0.0 ] ] ] ] } },
{ "type": "Feature", "properties": { "fid": 208, "manzana": "429", "evev": null }, "geometry": { "type": "MultiPolygon", "coordinates": [ [ [ [ -69.285916342069598, -51.659961942243179, 0.0 ], [ -69.285973052712578, -51.659925322576584, 0.0 ], [ -69.28657990372723, -51.659918237248519, 0.0 ], [ -69.286638784325078, -51.659953507321283, 0.0 ], [ -69.28666374612385, -51.660780242934536, 0.0 ], [ -69.286607034974537, -51.660816862930048, 0.0 ], [ -69.286000171961518, -51.660823948415533, 0.0 ], [ -69.285941290727379, -51.66078867802878, 0.0 ], [ -69.285916342069598, -51.659961942243179, 0.0 ] ] ] ] } },
{ "type": "Feature", "properties": { "fid": 209, "manzana": "430", "evev": null }, "geometry": { "type": "MultiPolygon", "coordinates": [ [ [ [ -69.285724554052692, -51.660791207690615, 0.0 ], [ -69.285667842130863, -51.66082782723376, 0.0 ], [ -69.285060978805873, -51.66083490786707, 0.0 ], [ -69.285002098284806, -51.660799637008502, 0.0 ], [ -69.284977166710348, -51.659972900998952, 0.0 ], [ -69.285033878125745, -51.659936281784702, 0.0 ], [ -69.28564072945241, -51.659929201308664, 0.0 ], [ -69.285699609337243, -51.659964471853307, 0.0 ], [ -69.285724554052692, -51.660791207690615, 0.0 ] ] ] ] } },
{ "type": "Feature", "properties": { "fid": 210, "manzana": "419", "evev": null }, "geometry": { "type": "MultiPolygon", "coordinates": [ [ [ [ -69.279178039506093, -51.659869602775061, 0.0 ], [ -69.279119164794949, -51.659834328952854, 0.0 ], [ -69.27909434086547, -51.659007591398797, 0.0 ], [ -69.279151055831392, -51.658970975013744, 0.0 ], [ -69.279757895298488, -51.658963924949404, 0.0 ], [ -69.279816769373781, -51.658999198457593, 0.0 ], [ -69.279841606443668, -51.659825935840516, 0.0 ], [ -69.279784890970944, -51.659862552554422, 0.0 ], [ -69.279178039506093, -51.659869602775061, 0.0 ] ] ] ] } },
{ "type": "Feature", "properties": { "fid": 211, "manzana": "407", "evev": null }, "geometry": { "type": "MultiPolygon", "coordinates": [ [ [ [ -69.281962692627644, -51.658264077522013, 0.0 ], [ -69.282019404350706, -51.658227459752148, 0.0 ], [ -69.282553991843315, -51.658221236103053, 0.0 ], [ -69.282612867119283, -51.658256508212339, 0.0 ], [ -69.282628015910873, -51.658759739335018, 0.0 ], [ -69.282571304016727, -51.658796357395708, 0.0 ], [ -69.28203670976005, -51.658802581133166, 0.0 ], [ -69.281977834220982, -51.658767308738774, 0.0 ], [ -69.281962692627644, -51.658264077522013, 0.0 ] ] ] ] } },
{ "type": "Feature", "properties": { "fid": 212, "manzana": "410", "evev": null }, "geometry": { "type": "MultiPolygon", "coordinates": [ [ [ [ -69.279073025432339, -51.658297675357026, 0.0 ], [ -69.279129739531541, -51.658261058979143, 0.0 ], [ -69.279736569520807, -51.658254009038238, 0.0 ], [ -69.27979544265753, -51.658289282562812, 0.0 ], [ -69.279810560256621, -51.658792514092546, 0.0 ], [ -69.279753846045651, -51.658829130796057, 0.0 ], [ -69.279147008378189, -51.658836180836957, 0.0 ], [ -69.279088135033305, -51.658800906990976, 0.0 ], [ -69.279073025432339, -51.658297675357026, 0.0 ] ] ] ] } },
{ "type": "Feature", "properties": { "fid": 213, "manzana": "420", "evev": null }, "geometry": { "type": "MultiPolygon", "coordinates": [ [ [ [ -69.280117214307239, -51.65985869039077, 0.0 ], [ -69.280058338882895, -51.659823417040379, 0.0 ], [ -69.280033497870875, -51.6589966797088, 0.0 ], [ -69.280090212064579, -51.65896006287138, 0.0 ], [ -69.280697051221338, -51.658953007955105, 0.0 ], [ -69.280755926009761, -51.658988280991551, 0.0 ], [ -69.280780780162175, -51.659815018151797, 0.0 ], [ -69.280724065461754, -51.659851635318127, 0.0 ], [ -69.280117214307239, -51.65985869039077, 0.0 ] ] ] ] } },
{ "type": "Feature", "properties": { "fid": 214, "manzana": "555", "evev": null }, "geometry": { "type": "MultiPolygon", "coordinates": [ [ [ [ -69.283230566747477, -51.678776626410588, 0.0 ], [ -69.283173830379667, -51.678813244688946, 0.0 ], [ -69.282639000561133, -51.678819471502628, 0.0 ], [ -69.282580098564935, -51.678784199585252, 0.0 ], [ -69.282551816039572, -51.677845137546861, 0.0 ], [ -69.282608551680099, -51.67780851957901, 0.0 ], [ -69.283143369595024, -51.677802292920873, 0.0 ], [ -69.283202270775163, -51.67783756457753, 0.0 ], [ -69.283230566747477, -51.678776626410588, 0.0 ] ] ] ] } },
{ "type": "Feature", "properties": { "fid": 215, "manzana": "556", "evev": null }, "geometry": { "type": "MultiPolygon", "coordinates": [ [ [ [ -69.282363275550651, -51.678786723154481, 0.0 ], [ -69.282306538492463, -51.678823340999941, 0.0 ], [ -69.281699434074739, -51.678830404606359, 0.0 ], [ -69.281640532768151, -51.678795132202318, 0.0 ], [ -69.281612271018389, -51.677856069909453, 0.0 ], [ -69.281669007432058, -51.677819452394296, 0.0 ], [ -69.282276098337661, -51.677812388964234, 0.0 ], [ -69.282334998858815, -51.677847661056674, 0.0 ], [ -69.282363275550651, -51.678786723154481, 0.0 ] ] ] ] } },
{ "type": "Feature", "properties": { "fid": 216, "manzana": "553", "evev": null }, "geometry": { "type": "MultiPolygon", "coordinates": [ [ [ [ -69.285254244123152, -51.678753042497469, 0.0 ], [ -69.285197509444117, -51.678789661735763, 0.0 ], [ -69.284590405985355, -51.678796740281577, 0.0 ], [ -69.28453150248221, -51.678761469330261, 0.0 ], [ -69.284503180964265, -51.677822407818432, 0.0 ], [ -69.284559914998951, -51.67778578891042, 0.0 ], [ -69.285167004945734, -51.677778710541531, 0.0 ], [ -69.285225907663218, -51.677813981181266, 0.0 ], [ -69.285254244123152, -51.678753042497469, 0.0 ] ] ] ] } },
{ "type": "Feature", "properties": { "fid": 217, "manzana": "554", "evev": null }, "geometry": { "type": "MultiPolygon", "coordinates": [ [ [ [ -69.284314679338806, -51.678763996505168, 0.0 ], [ -69.284257943863167, -51.678800615305882, 0.0 ], [ -69.283723114361436, -51.678806847054879, 0.0 ], [ -69.283664211541534, -51.678771575682269, 0.0 ], [ -69.283635906603124, -51.677832513936778, 0.0 ], [ -69.283692641351507, -51.6777958954466, 0.0 ], [ -69.284227458949687, -51.677789663853311, 0.0 ], [ -69.284286360953459, -51.677824934965237, 0.0 ], [ -69.284314679338806, -51.678763996505168, 0.0 ] ] ] ] } },
{ "type": "Feature", "properties": { "fid": 218, "manzana": "559", "evev": null }, "geometry": { "type": "MultiPolygon", "coordinates": [ [ [ [ -69.279400027980628, -51.67882117199855, 0.0 ], [ -69.279343288483972, -51.678857788416202, 0.0 ], [ -69.278736183085954, -51.678864836709657, 0.0 ], [ -69.27867728403109, -51.678829562816702, 0.0 ], [ -69.27866016420684, -51.678226987170163, 0.0 ], [ -69.278715948938341, -51.678191084018891, 0.0 ], [ -69.279323032202456, -51.678183603838775, 0.0 ], [ -69.279381929839928, -51.678218836387977, 0.0 ], [ -69.279400027980628, -51.67882117199855, 0.0 ] ] ] ] } },
{ "type": "Feature", "properties": { "fid": 219, "manzana": "560", "evev": null }, "geometry": { "type": "MultiPolygon", "coordinates": [ [ [ [ -69.277709535409841, -51.677901400889596, 0.0 ], [ -69.277766275034836, -51.677864785254926, 0.0 ], [ -69.278373367230898, -51.677857741992433, 0.0 ], [ -69.278432264786574, -51.677893016045822, 0.0 ], [ -69.278460460790939, -51.678832079195089, 0.0 ], [ -69.278403720521183, -51.678868695159984, 0.0 ], [ -69.277796614812871, -51.678875738598144, 0.0 ], [ -69.277737716472032, -51.678840464233076, 0.0 ], [ -69.277709535409841, -51.677901400889596, 0.0 ] ] ] ] } },
{ "type": "Feature", "properties": { "fid": 220, "manzana": "557", "evev": null }, "geometry": { "type": "MultiPolygon", "coordinates": [ [ [ [ -69.281351435575417, -51.678798494576462, 0.0 ], [ -69.28129469768453, -51.678835111934355, 0.0 ], [ -69.280687592931784, -51.678842170311988, 0.0 ], [ -69.280628692394046, -51.678806897399511, 0.0 ], [ -69.280610777905025, -51.678204816885703, 0.0 ], [ -69.280667329838266, -51.678168417998108, 0.0 ], [ -69.280970871026312, -51.678164673260056, 0.0 ], [ -69.281274418887719, -51.678161143737661, 0.0 ], [ -69.281333319096362, -51.678196416330614, 0.0 ], [ -69.281335617427303, -51.678272799395288, 0.0 ], [ -69.281351435575417, -51.678798494576462, 0.0 ] ] ] ] } },
{ "type": "Feature", "properties": { "fid": 221, "manzana": "558", "evev": null }, "geometry": { "type": "MultiPolygon", "coordinates": [ [ [ [ -69.279748025304514, -51.678853087810943, 0.0 ], [ -69.279689125480729, -51.678817814426388, 0.0 ], [ -69.279671031357566, -51.678215735889616, 0.0 ], [ -69.279727769788835, -51.678179119311274, 0.0 ], [ -69.28033486584421, -51.678172065906338, 0.0 ], [ -69.280393765199378, -51.678207338894026, 0.0 ], [ -69.280411869032108, -51.678809417383469, 0.0 ], [ -69.280355130368065, -51.678846034288654, 0.0 ], [ -69.279748025304514, -51.678853087810943, 0.0 ] ] ] ] } },
{ "type": "Feature", "properties": { "fid": 222, "manzana": "526", "evev": null }, "geometry": { "type": "MultiPolygon", "coordinates": [ [ [ [ -69.283084366334307, -51.673924056255252, 0.0 ], [ -69.283027635919709, -51.673960674469342, 0.0 ], [ -69.282599496949615, -51.673965659252701, 0.0 ], [ -69.282714580917656, -51.673910282128105, 0.0 ], [ -69.28281430258626, -51.673854949643008, 0.0 ], [ -69.282890133479995, -51.673807704744391, 0.0 ], [ -69.283000105315296, -51.673729517194253, 0.0 ], [ -69.283076613849531, -51.67366669174784, 0.0 ], [ -69.283084366334307, -51.673924056255252, 0.0 ] ] ] ] } },
{ "type": "Feature", "properties": { "fid": 223, "manzana": "538", "evev": null }, "geometry": { "type": "MultiPolygon", "coordinates": [ [ [ [ -69.283564137288309, -51.675451160471169, 0.0 ], [ -69.283620869126707, -51.675414542005171, 0.0 ], [ -69.284155658688107, -51.675408310778593, 0.0 ], [ -69.284214557539826, -51.675443581945636, 0.0 ], [ -69.284242872761794, -51.676382643889831, 0.0 ], [ -69.284186140196269, -51.676419262666357, 0.0 ], [ -69.283651338732923, -51.676425494048594, 0.0 ], [ -69.283592439065217, -51.676390222620881, 0.0 ], [ -69.283564137288309, -51.675451160471169, 0.0 ] ] ] ] } },
{ "type": "Feature", "properties": { "fid": 224, "manzana": "561", "evev": null }, "geometry": { "type": "MultiPolygon", "coordinates": [ [ [ [ -69.276697713805618, -51.677913132201311, 0.0 ], [ -69.276754454263113, -51.677876517054216, 0.0 ], [ -69.277361546793017, -51.677869479020359, 0.0 ], [ -69.277420443579786, -51.677904753582141, 0.0 ], [ -69.277448618665062, -51.678843817003298, 0.0 ], [ -69.277391877562764, -51.678880432480618, 0.0 ], [ -69.276784771520596, -51.678887470689929, 0.0 ], [ -69.276725873948692, -51.678852195816503, 0.0 ], [ -69.276697713805618, -51.677913132201311, 0.0 ] ] ] ] } },
{ "type": "Feature", "properties": { "fid": 225, "manzana": "563", "evev": null }, "geometry": { "type": "MultiPolygon", "coordinates": [ [ [ [ -69.275902665195986, -51.677922344074517, 0.0 ], [ -69.275959406307578, -51.677885729310518, 0.0 ], [ -69.276421998745519, -51.677880369886218, 0.0 ], [ -69.276480894818249, -51.677915644920013, 0.0 ], [ -69.276509050478651, -51.678854708593398, 0.0 ], [ -69.276452308603297, -51.678891323617933, 0.0 ], [ -69.275989705869293, -51.678896683175836, 0.0 ], [ -69.275930808901634, -51.678861407902943, 0.0 ], [ -69.275902665195986, -51.677922344074517, 0.0 ] ] ] ] } },
{ "type": "Feature", "properties": { "fid": 226, "manzana": "608", "evev": null }, "geometry": { "type": "MultiPolygon", "coordinates": [ [ [ [ -69.278572085617341, -51.671809205493119, 0.0 ], [ -69.278629222736555, -51.671772834305457, 0.0 ], [ -69.279323022261039, -51.671767762772269, 0.0 ], [ -69.27938151889677, -51.671803288775102, 0.0 ], [ -69.279399108180755, -51.672733104846479, 0.0 ], [ -69.279341970353641, -51.672769476476837, 0.0 ], [ -69.278648155677161, -51.672774548108414, 0.0 ], [ -69.278589658358655, -51.67273902174724, 0.0 ], [ -69.278572085617341, -51.671809205493119, 0.0 ] ] ] ] } },
{ "type": "Feature", "properties": { "fid": 227, "manzana": "607", "evev": null }, "geometry": { "type": "MultiPolygon", "coordinates": [ [ [ [ -69.2775458395095, -51.671816699034096, 0.0 ], [ -69.277602977581751, -51.671780328278878, 0.0 ], [ -69.278296777246155, -51.671775262934887, 0.0 ], [ -69.278355273091918, -51.671810789460523, 0.0 ], [ -69.278372841393306, -51.672740605678158, 0.0 ], [ -69.278315702733778, -51.672776976802773, 0.0 ], [ -69.277621887767936, -51.672782042280332, 0.0 ], [ -69.277563391240506, -51.672746515396398, 0.0 ], [ -69.2775458395095, -51.671816699034096, 0.0 ] ] ] ] } },
{ "type": "Feature", "properties": { "fid": 228, "manzana": "600", "evev": null }, "geometry": { "type": "MultiPolygon", "coordinates": [ [ [ [ -69.28129330649827, -51.671536108874243, 0.0 ], [ -69.281311162748253, -51.671498971562563, 0.0 ], [ -69.281328053175031, -51.671461659983549, 0.0 ], [ -69.281343973385432, -51.671424183847208, 0.0 ], [ -69.281358919238855, -51.671386552906199, 0.0 ], [ -69.281372886848189, -51.671348776953529, 0.0 ], [ -69.281385872581041, -51.671310865819919, 0.0 ], [ -69.281397873060484, -51.671272829371254, 0.0 ], [ -69.281408885166059, -51.671234677505957, 0.0 ], [ -69.281418906034517, -51.671196420152469, 0.0 ], [ -69.281427933060598, -51.67115806726671, 0.0 ], [ -69.281435963897664, -51.671119628829359, 0.0 ], [ -69.281442996458381, -51.671081114843425, 0.0 ], [ -69.281443141518892, -51.671080180998885, 0.0 ], [ -69.281443260429526, -51.671079245726531, 0.0 ], [ -69.281443353154316, -51.671078309309479, 0.0 ], [ -69.28144341966518, -51.671077372031121, 0.0 ], [ -69.281443459942011, -51.67107643417517, 0.0 ], [ -69.281443473972601, -51.67107549602548, 0.0 ], [ -69.281443461752716, -51.671074557865985, 0.0 ], [ -69.281443423286049, -51.671073619980639, 0.0 ], [ -69.281443358584255, -51.671072682653339, 0.0 ], [ -69.281443267666901, -51.671071746167762, 0.0 ], [ -69.281443150561515, -51.671070810807379, 0.0 ], [ -69.281443007303551, -51.671069876855263, 0.0 ], [ -69.281442837936368, -51.671068944594104, 0.0 ], [ -69.281442642511252, -51.67106801430608, 0.0 ], [ -69.281442421087291, -51.671067086272778, 0.0 ], [ -69.281442173731563, -51.67106616077502, 0.0 ], [ -69.281441900518914, -51.671065238093007, 0.0 ], [ -69.281441601532023, -51.671064318505948, 0.0 ], [ -69.281441276861443, -51.671063402292226, 0.0 ], [ -69.281440926605384, -51.671062489729103, 0.0 ], [ -69.281440550869874, -51.671061581092808, 0.0 ], [ -69.281440149768656, -51.671060676658385, 0.0 ], [ -69.281439723423119, -51.671059776699522, 0.0 ], [ -69.281439271962313, -51.671058881488634, 0.0 ], [ -69.281438795522902, -51.671057991296685, 0.0 ], [ -69.281438294249028, -51.6710571063931, 0.0 ], [ -69.281437768292477, -51.671056227045725, 0.0 ], [ -69.281437217812424, -51.671055353520707, 0.0 ], [ -69.281436642975464, -51.671054486082419, 0.0 ], [ -69.281436043955622, -51.671053624993419, 0.0 ], [ -69.281435420934159, -51.671052770514351, 0.0 ], [ -69.281434774099679, -51.671051922903807, 0.0 ], [ -69.281434103647968, -51.671051082418366, 0.0 ], [ -69.281433409781911, -51.671050249312401, 0.0 ], [ -69.281432692711576, -51.671049423838078, 0.0 ], [ -69.281431952653946, -51.671048606245208, 0.0 ], [ -69.281431189833043, -51.671047796781281, 0.0 ], [ -69.281430404479764, -51.671046995691313, 0.0 ], [ -69.281429596831785, -51.671046203217749, 0.0 ], [ -69.281428767133576, -51.671045419600439, 0.0 ], [ -69.281427915636257, -51.671044645076591, 0.0 ], [ -69.281427042597542, -51.6710438798806, 0.0 ], [ -69.28142614828171, -51.671043124244072, 0.0 ], [ -69.281425232959407, -51.671042378395725, 0.0 ], [ -69.281424296907687, -51.671041642561313, 0.0 ], [ -69.281423340409859, -51.671040916963513, 0.0 ], [ -69.281422363755439, -51.671040201821974, 0.0 ], [ -69.281421367240029, -51.671039497353171, 0.0 ], [ -69.281420351165224, -51.671038803770266, 0.0 ], [ -69.281419315838619, -51.671038121283217, 0.0 ], [ -69.281418261573492, -51.671037450098602, 0.0 ], [ -69.281417188688991, -51.671036790419549, 0.0 ], [ -69.281416097509862, -51.671036142445743, 0.0 ], [ -69.281414988366322, -51.671035506373265, 0.0 ], [ -69.281413861594118, -51.671034882394686, 0.0 ], [ -69.281412717534252, -51.671034270698833, 0.0 ], [ -69.281411556533044, -51.671033671470859, 0.0 ], [ -69.281410378941857, -51.67103308489213, 0.0 ], [ -69.281409185117113, -51.671032511140197, 0.0 ], [ -69.28140797542018, -51.671031950388702, 0.0 ], [ -69.281406750217172, -51.671031402807373, 0.0 ], [ -69.281405509878908, -51.671030868561935, 0.0 ], [ -69.281404254780853, -51.671030347814103, 0.0 ], [ -69.281402985302819, -51.671029840721488, 0.0 ], [ -69.281401701829083, -51.67102934743756, 0.0 ], [ -69.281400404748112, -51.671028868111648, 0.0 ], [ -69.281399094452482, -51.671028402888808, 0.0 ], [ -69.28139777133876, -51.671027951909835, 0.0 ], [ -69.281396435807466, -51.671027515311266, 0.0 ], [ -69.281395088262784, -51.67102709322522, 0.0 ], [ -69.28139372911258, -51.671026685779452, 0.0 ], [ -69.281392358768258, -51.671026293097277, 0.0 ], [ -69.28139097764452, -51.671025915297569, 0.0 ], [ -69.281389586159449, -51.671025552494655, 0.0 ], [ -69.281388184734169, -51.671025204798362, 0.0 ], [ -69.281386773792875, -51.671024872313907, 0.0 ], [ -69.281385353762602, -51.671024555141926, 0.0 ], [ -69.281383925073115, -51.671024253378462, 0.0 ], [ -69.281382488156908, -51.671023967114806, 0.0 ], [ -69.281381043448832, -51.671023696437587, 0.0 ], [ -69.281379591386184, -51.671023441428758, 0.0 ], [ -69.281378132408477, -51.671023202165472, 0.0 ], [ -69.281376666957243, -51.671022978720217, 0.0 ], [ -69.281375195476087, -51.671022771160558, 0.0 ], [ -69.281373718410336, -51.671022579549337, 0.0 ], [ -69.281372236207076, -51.671022403944555, 0.0 ], [ -69.281370749314917, -51.671022244399339, 0.0 ], [ -69.281369258183901, -51.671022100961984, 0.0 ], [ -69.281367763265351, -51.671021973675941, 0.0 ], [ -69.281366265011741, -51.671021862579714, 0.0 ], [ -69.28136476387651, -51.671021767706918, 0.0 ], [ -69.281363260314052, -51.67102168908626, 0.0 ], [ -69.281361754779411, -51.671021626741556, 0.0 ], [ -69.281360247728273, -51.671021580691679, 0.0 ], [ -69.281358739616806, -51.671021550950535, 0.0 ], [ -69.281357230901449, -51.671021537527174, 0.0 ], [ -69.281355722038825, -51.671021540425627, 0.0 ], [ -69.279713900693281, -51.671033563599401, 0.0 ], [ -69.2796567652519, -51.671069935387393, 0.0 ], [ -69.279665840398877, -51.671549532615941, 0.0 ], [ -69.279724337020454, -51.671585058454774, 0.0 ], [ -69.281211435363446, -51.671574169282231, 0.0 ], [ -69.281212932548101, -51.671574150270871, 0.0 ], [ -69.28121442898167, -51.671574115189692, 0.0 ], [ -69.281215924218046, -51.671574064049175, 0.0 ], [ -69.28121741781149, -51.671573996864524, 0.0 ], [ -69.281218909316706, -51.671573913655799, 0.0 ], [ -69.281220398289037, -51.671573814447797, 0.0 ], [ -69.281221884284633, -51.671573699270112, 0.0 ], [ -69.281223366860459, -51.671573568157051, 0.0 ], [ -69.281224845574556, -51.671573421147741, 0.0 ], [ -69.281226319986075, -51.67157325828596, 0.0 ], [ -69.281227789655475, -51.671573079620288, 0.0 ], [ -69.28122925414462, -51.671572885203986, 0.0 ], [ -69.28123071301691, -51.671572675095, 0.0 ], [ -69.281232165837437, -51.671572449355999, 0.0 ], [ -69.281233612173068, -51.671572208054265, 0.0 ], [ -69.281235051592645, -51.671571951261704, 0.0 ], [ -69.28123648366703, -51.671571679054914, 0.0 ], [ -69.281237907969327, -51.671571391515023, 0.0 ], [ -69.281239324074903, -51.671571088727752, 0.0 ], [ -69.28124073156161, -51.671570770783376, 0.0 ], [ -69.281242130009801, -51.671570437776658, 0.0 ], [ -69.281243519002629, -51.671570089806906, 0.0 ], [ -69.281244898125991, -51.67156972697785, 0.0 ], [ -69.281246266968722, -51.671569349397643, 0.0 ], [ -69.281247625122774, -51.671568957178827, 0.0 ], [ -69.281248972183249, -51.671568550438394, 0.0 ], [ -69.28125030774855, -51.671568129297548, 0.0 ], [ -69.281251631420531, -51.67156769388184, 0.0 ], [ -69.281252942804585, -51.671567244321103, 0.0 ], [ -69.281254241509757, -51.671566780749338, 0.0 ], [ -69.281255527148886, -51.671566303304765, 0.0 ], [ -69.281256799338706, -51.671565812129707, 0.0 ], [ -69.281258057699915, -51.671565307370564, 0.0 ], [ -69.281259301857432, -51.671564789177879, 0.0 ], [ -69.28126053144031, -51.671564257706095, 0.0 ], [ -69.281261746081995, -51.671563713113628, 0.0 ], [ -69.281262945420366, -51.671563155562886, 0.0 ], [ -69.28126412909792, -51.671562585220023, 0.0 ], [ -69.281265296761759, -51.671562002255136, 0.0 ], [ -69.281266448063775, -51.671561406841981, 0.0 ], [ -69.281267582660732, -51.671560799158051, 0.0 ], [ -69.28126870021444, -51.671560179384542, 0.0 ], [ -69.281269800391669, -51.671559547706195, 0.0 ], [ -69.281270882864462, -51.671558904311333, 0.0 ], [ -69.281271947310145, -51.671558249391744, 0.0 ], [ -69.281272993411349, -51.671557583142707, 0.0 ], [ -69.28127402085623, -51.671556905762849, 0.0 ], [ -69.281275029338488, -51.671556217454054, 0.0 ], [ -69.281276018557463, -51.671555518421556, 0.0 ], [ -69.281276988218281, -51.671554808873744, 0.0 ], [ -69.281277938031835, -51.671554089022145, 0.0 ], [ -69.281278867715002, -51.671553359081393, 0.0 ], [ -69.281279776990587, -51.671552619269029, 0.0 ], [ -69.281280665587573, -51.671551869805668, 0.0 ], [ -69.281281533241, -51.671551110914699, 0.0 ], [ -69.281282379692229, -51.671550342822385, 0.0 ], [ -69.281283204688918, -51.671549565757708, 0.0 ], [ -69.28128400798515, -51.671548779952282, 0.0 ], [ -69.281284789341399, -51.671547985640437, 0.0 ], [ -69.28128554852475, -51.671547183058941, 0.0 ], [ -69.281286285308866, -51.671546372447025, 0.0 ], [ -69.281286999474148, -51.671545554046418, 0.0 ], [ -69.281287690807645, -51.671544728101026, 0.0 ], [ -69.281288359103257, -51.67154389485713, 0.0 ], [ -69.281289004161778, -51.671543054563124, 0.0 ], [ -69.28128962579089, -51.671542207469507, 0.0 ], [ -69.281290223805286, -51.6715413538288, 0.0 ], [ -69.281290798026674, -51.671540493895513, 0.0 ], [ -69.281291348283887, -51.671539627925995, 0.0 ], [ -69.281291874412887, -51.671538756178414, 0.0 ], [ -69.2812923762568, -51.671537878912652, 0.0 ], [ -69.281292853666045, -51.671536996390223, 0.0 ], [ -69.28129330649827, -51.671536108874243, 0.0 ] ] ] ] } },
{ "type": "Feature", "properties": { "fid": 229, "manzana": "609", "evev": null }, "geometry": { "type": "MultiPolygon", "coordinates": [ [ [ [ -69.279670602157154, -51.671801174315199, 0.0 ], [ -69.279727738505159, -51.671764802523683, 0.0 ], [ -69.281032119905007, -51.671755252290374, 0.0 ], [ -69.281033624884813, -51.671755249382457, 0.0 ], [ -69.281035129719186, -51.671755262711947, 0.0 ], [ -69.281036633955026, -51.671755292274838, 0.0 ], [ -69.28103813713939, -51.671755338062205, 0.0 ], [ -69.281039638819678, -51.671755400060285, 0.0 ], [ -69.281041138543728, -51.671755478250383, 0.0 ], [ -69.281042635859933, -51.671755572608994, 0.0 ], [ -69.281044130317483, -51.671755683107676, 0.0 ], [ -69.281045621466376, -51.67175580971314, 0.0 ], [ -69.281047108857635, -51.671755952387322, 0.0 ], [ -69.281048592043376, -51.67175611108722, 0.0 ], [ -69.281050070577024, -51.671756285765056, 0.0 ], [ -69.28105154401338, -51.671756476368252, 0.0 ], [ -69.281053011908796, -51.671756682839387, 0.0 ], [ -69.281054473821257, -51.671756905116304, 0.0 ], [ -69.281055929310611, -51.671757143132083, 0.0 ], [ -69.281057377938581, -51.67175739681506, 0.0 ], [ -69.281058819268978, -51.67175766608883, 0.0 ], [ -69.281060252867832, -51.671757950872319, 0.0 ], [ -69.281061678303445, -51.671758251079787, 0.0 ], [ -69.281063095146663, -51.671758566620838, 0.0 ], [ -69.281064502970807, -51.671758897400458, 0.0 ], [ -69.281065901352022, -51.671759243319066, 0.0 ], [ -69.281067289869242, -51.671759604272445, 0.0 ], [ -69.281068668104368, -51.671759980151997, 0.0 ], [ -69.281070035642415, -51.671760370844474, 0.0 ], [ -69.281071392071595, -51.67176077623229, 0.0 ], [ -69.281072736983518, -51.671761196193316, 0.0 ], [ -69.281074069973187, -51.671761630601161, 0.0 ], [ -69.281075390639245, -51.671762079324992, 0.0 ], [ -69.281076698584044, -51.6717625422297, 0.0 ], [ -69.281077993413746, -51.671763019175927, 0.0 ], [ -69.281079274738474, -51.671763510020028, 0.0 ], [ -69.281080542172433, -51.671764014614212, 0.0 ], [ -69.281081795333947, -51.671764532806563, 0.0 ], [ -69.281083033845732, -51.671765064441047, 0.0 ], [ -69.28108425733484, -51.671765609357585, 0.0 ], [ -69.281085465432881, -51.671766167392079, 0.0 ], [ -69.2810866577761, -51.671766738376526, 0.0 ], [ -69.281087834005461, -51.671767322139004, 0.0 ], [ -69.281088993766801, -51.671767918503704, 0.0 ], [ -69.281090136710901, -51.6717685272911, 0.0 ], [ -69.281091262493632, -51.671769148317878, 0.0 ], [ -69.281092370776022, -51.67176978139701, 0.0 ], [ -69.28109346122433, -51.671770426337901, 0.0 ], [ -69.281094533510242, -51.671771082946385, 0.0 ], [ -69.281095587310872, -51.6717717510247, 0.0 ], [ -69.281096622308937, -51.671772430371711, 0.0 ], [ -69.281097638192762, -51.671773120782845, 0.0 ], [ -69.281098634656487, -51.671773822050255, 0.0 ], [ -69.28109961140008, -51.67177453396274, 0.0 ], [ -69.281100568129389, -51.67177525630597, 0.0 ], [ -69.281101504556389, -51.671775988862429, 0.0 ], [ -69.28110242039908, -51.671776731411569, 0.0 ], [ -69.281103315381756, -51.671777483729777, 0.0 ], [ -69.281104189234853, -51.671778245590524, 0.0 ], [ -69.281105041695298, -51.671779016764418, 0.0 ], [ -69.281105872506402, -51.671779797019269, 0.0 ], [ -69.281106681417981, -51.671780586120107, 0.0 ], [ -69.281107468186505, -51.671781383829384, 0.0 ], [ -69.28110823257505, -51.671782189906871, 0.0 ], [ -69.281108974353458, -51.671783004109827, 0.0 ], [ -69.281109693298376, -51.671783826193128, 0.0 ], [ -69.281110389193316, -51.671784655909242, 0.0 ], [ -69.281111061828739, -51.671785493008343, 0.0 ], [ -69.281111711002154, -51.671786337238366, 0.0 ], [ -69.281112336518021, -51.671787188345078, 0.0 ], [ -69.281112938188045, -51.671788046072244, 0.0 ], [ -69.281113515831038, -51.671788910161602, 0.0 ], [ -69.281114069273073, -51.671789780352952, 0.0 ], [ -69.281114598347486, -51.671790656384282, 0.0 ], [ -69.281115102895029, -51.671791537991822, 0.0 ], [ -69.28111558276369, -51.671792424910102, 0.0 ], [ -69.281116037809056, -51.67179331687209, 0.0 ], [ -69.281116467894051, -51.671794213609182, 0.0 ], [ -69.281116872889214, -51.671795114851399, 0.0 ], [ -69.281117252672573, -51.671796020327321, 0.0 ], [ -69.281117607129772, -51.671796929764362, 0.0 ], [ -69.281117936154104, -51.671797842888651, 0.0 ], [ -69.281118239646489, -51.671798759425258, 0.0 ], [ -69.281118517515509, -51.6717996790982, 0.0 ], [ -69.281118769677533, -51.671800601630565, 0.0 ], [ -69.281118996056634, -51.671801526744581, 0.0 ], [ -69.281119196584598, -51.671802454161686, 0.0 ], [ -69.281119371201115, -51.671803383602608, 0.0 ], [ -69.281119519853547, -51.671804314787536, 0.0 ], [ -69.28111964249716, -51.671805247436041, 0.0 ], [ -69.281119739095018, -51.6718061812673, 0.0 ], [ -69.281119809618048, -51.671807116000174, 0.0 ], [ -69.281119854044988, -51.671808051353146, 0.0 ], [ -69.281119872362453, -51.671808987044642, 0.0 ], [ -69.281119864564957, -51.671809922792896, 0.0 ], [ -69.281119830654831, -51.671810858316121, 0.0 ], [ -69.281119770642277, -51.671811793332665, 0.0 ], [ -69.281119684545374, -51.671812727560976, 0.0 ], [ -69.281119572390054, -51.671813660719735, 0.0 ], [ -69.281119434210069, -51.671814592528015, 0.0 ], [ -69.281119270047014, -51.671815522705174, 0.0 ], [ -69.281119079950358, -51.671816450971178, 0.0 ], [ -69.281118863977298, -51.671817377046501, 0.0 ], [ -69.281118622192892, -51.671818300652326, 0.0 ], [ -69.281118354669914, -51.671819221510503, 0.0 ], [ -69.281118061488939, -51.671820139343801, 0.0 ], [ -69.281117742738203, -51.671821053875838, 0.0 ], [ -69.281117398513743, -51.671821964831246, 0.0 ], [ -69.281117028919169, -51.671822871935717, 0.0 ], [ -69.281116634065768, -51.67182377491612, 0.0 ], [ -69.281116214072441, -51.671824673500588, 0.0 ], [ -69.281115769065622, -51.671825567418558, 0.0 ], [ -69.281115299179348, -51.671826456400801, 0.0 ], [ -69.28111480455506, -51.671827340179711, 0.0 ], [ -69.281114285341715, -51.671828218489139, 0.0 ], [ -69.281113741695648, -51.671829091064645, 0.0 ], [ -69.281113173780554, -51.671829957643467, 0.0 ], [ -69.281112581767417, -51.671830817964675, 0.0 ], [ -69.281111965834512, -51.671831671769255, 0.0 ], [ -69.281084237926791, -51.671868410411946, 0.0 ], [ -69.281055516008749, -51.671904852634107, 0.0 ], [ -69.281025808271778, -51.671940988039559, 0.0 ], [ -69.280995123188475, -51.671976806319691, 0.0 ], [ -69.280963469510368, -51.672012297256266, 0.0 ], [ -69.280930856265371, -51.672047450724442, 0.0 ], [ -69.280897292755157, -51.672082256695624, 0.0 ], [ -69.280862788552625, -51.672116705240313, 0.0 ], [ -69.280827353499035, -51.672150786530977, 0.0 ], [ -69.280790997701345, -51.672184490844813, 0.0 ], [ -69.280753731529174, -51.672217808566536, 0.0 ], [ -69.280715565611985, -51.672250730191188, 0.0 ], [ -69.280676510835988, -51.672283246326685, 0.0 ], [ -69.280636578341003, -51.67231534769671, 0.0 ], [ -69.28059577951737, -51.672347025143189, 0.0 ], [ -69.280554126002599, -51.672378269628986, 0.0 ], [ -69.280511629678202, -51.672409072240448, 0.0 ], [ -69.280468302666065, -51.672439424189982, 0.0 ], [ -69.280424157325299, -51.672469316818564, 0.0 ], [ -69.280379206248369, -51.67249874159814, 0.0 ], [ -69.280333462257843, -51.672527690134174, 0.0 ], [ -69.280286938402497, -51.672556154167935, 0.0 ], [ -69.28023964795365, -51.672584125578915, 0.0 ], [ -69.280191604401466, -51.672611596387128, 0.0 ], [ -69.28014282145098, -51.672638558755381, 0.0 ], [ -69.280093313018241, -51.672665004991565, 0.0 ], [ -69.280043093226411, -51.672690927550761, 0.0 ], [ -69.279992176401606, -51.672716319037434, 0.0 ], [ -69.279940577068928, -51.672741172207601, 0.0 ], [ -69.279888309948191, -51.672765479970764, 0.0 ], [ -69.279746695523244, -51.672766516132576, 0.0 ], [ -69.279688197358823, -51.672730990316857, 0.0 ], [ -69.279670602157154, -51.671801174315199, 0.0 ] ] ] ] } },
{ "type": "Feature", "properties": { "fid": 230, "manzana": "602", "evev": null }, "geometry": { "type": "MultiPolygon", "coordinates": [ [ [ [ -69.277516769699318, -51.670276611014259, 0.0 ], [ -69.2775739058619, -51.670240240261187, 0.0 ], [ -69.278267682001584, -51.670235175059773, 0.0 ], [ -69.278326175836199, -51.670270701607002, 0.0 ], [ -69.278350517855912, -51.671559107598021, 0.0 ], [ -69.278293380661509, -51.671595478722807, 0.0 ], [ -69.277599583744617, -51.671600544113289, 0.0 ], [ -69.277541088760131, -51.671565017214668, 0.0 ], [ -69.277516769699318, -51.670276611014259, 0.0 ] ] ] ] } },
{ "type": "Feature", "properties": { "fid": 231, "manzana": "606", "evev": null }, "geometry": { "type": "MultiPolygon", "coordinates": [ [ [ [ -69.276493430213236, -51.671824334380197, 0.0 ], [ -69.276550505590535, -51.671788004575518, 0.0 ], [ -69.27719826103268, -51.671783281199218, 0.0 ], [ -69.277256756031306, -51.671818808261726, 0.0 ], [ -69.277274301844301, -51.672748624675613, 0.0 ], [ -69.277217162293013, -51.672784995278491, 0.0 ], [ -69.276569456869296, -51.672789718310554, 0.0 ], [ -69.276510961153534, -51.672754190912762, 0.0 ], [ -69.276493430213236, -51.671824334380197, 0.0 ] ] ] ] } },
{ "type": "Feature", "properties": { "fid": 232, "manzana": "603", "evev": null }, "geometry": { "type": "MultiPolygon", "coordinates": [ [ [ [ -69.276464396837824, -51.670284285959426, 0.0 ], [ -69.276521533854805, -51.670247915717049, 0.0 ], [ -69.277169203035015, -51.670243193069808, 0.0 ], [ -69.277227696022777, -51.670278720165236, 0.0 ], [ -69.277252006883927, -51.671567126437154, 0.0 ], [ -69.277194868797636, -51.671603497028237, 0.0 ], [ -69.276547180220803, -51.671608219844508, 0.0 ], [ -69.276488686047742, -51.671572692420007, 0.0 ], [ -69.276464396837824, -51.670284285959426, 0.0 ] ] ] ] } },
{ "type": "Feature", "properties": { "fid": 233, "manzana": "604", "evev": null }, "geometry": { "type": "MultiPolygon", "coordinates": [ [ [ [ -69.276271874562681, -51.671574272461193, 0.0 ], [ -69.276214735680583, -51.671610642576653, 0.0 ], [ -69.2757522040814, -51.671614011769378, 0.0 ], [ -69.275693710521296, -51.671578483948124, 0.0 ], [ -69.275669443839533, -51.67029007617792, 0.0 ], [ -69.275726579691252, -51.670253707448033, 0.0 ], [ -69.276189099270411, -51.670250338362543, 0.0 ], [ -69.276247591502539, -51.670285865947093, 0.0 ], [ -69.276271874562681, -51.671574272461193, 0.0 ] ] ] ] } },
{ "type": "Feature", "properties": { "fid": 234, "manzana": "543", "evev": null }, "geometry": { "type": "MultiPolygon", "coordinates": [ [ [ [ -69.287502643597492, -51.676596310796114, 0.0 ], [ -69.287559373679173, -51.676559690437891, 0.0 ], [ -69.288166446703286, -51.676552596592252, 0.0 ], [ -69.288225350150384, -51.67658786573427, 0.0 ], [ -69.288253747779052, -51.67752692642938, 0.0 ], [ -69.288197017053264, -51.677563547117913, 0.0 ], [ -69.287589930518152, -51.677570641141024, 0.0 ], [ -69.287531026285279, -51.677535371687469, 0.0 ], [ -69.287502643597492, -51.676596310796114, 0.0 ] ] ] ] } },
{ "type": "Feature", "properties": { "fid": 235, "manzana": "601", "evev": null }, "geometry": { "type": "MultiPolygon", "coordinates": [ [ [ [ -69.278542981012038, -51.670269117783086, 0.0 ], [ -69.278600116341394, -51.670232746532037, 0.0 ], [ -69.279293892266793, -51.670227675269587, 0.0 ], [ -69.279352386891503, -51.670263201304664, 0.0 ], [ -69.279376757983172, -51.671551607050503, 0.0 ], [ -69.279319621620971, -51.67158797867264, 0.0 ], [ -69.278625824957302, -51.671593050116442, 0.0 ], [ -69.278567329181655, -51.671557523729348, 0.0 ], [ -69.278542981012038, -51.670269117783086, 0.0 ] ] ] ] } },
{ "type": "Feature", "properties": { "fid": 236, "manzana": "605", "evev": null }, "geometry": { "type": "MultiPolygon", "coordinates": [ [ [ [ -69.276294144026565, -51.672755770895435, 0.0 ], [ -69.27623700367927, -51.672792141013055, 0.0 ], [ -69.275774460247078, -51.672795510281219, 0.0 ], [ -69.275715965117399, -51.672759982477238, 0.0 ], [ -69.275698450508798, -51.671830165473438, 0.0 ], [ -69.275755589531684, -51.671793795934164, 0.0 ], [ -69.276218124035466, -51.671790426745474, 0.0 ], [ -69.276276618278573, -51.671825954307558, 0.0 ], [ -69.276294144026565, -51.672755770895435, 0.0 ] ] ] ] } },
{ "type": "Feature", "properties": { "fid": 237, "manzana": "5032", "evev": null }, "geometry": { "type": "MultiPolygon", "coordinates": [ [ [ [ -69.282060951061823, -51.668744591620509, 0.0 ], [ -69.282004226273727, -51.668781209364276, 0.0 ], [ -69.281397256395934, -51.668788271215064, 0.0 ], [ -69.281338369516504, -51.668752999260839, 0.0 ], [ -69.281310119701104, -51.66781393465984, 0.0 ], [ -69.28136684396371, -51.667777317169623, 0.0 ], [ -69.281973800449094, -51.667770255493785, 0.0 ], [ -69.282032687681863, -51.667805527818309, 0.0 ], [ -69.282060951061823, -51.668744591620509, 0.0 ] ] ] ] } },
{ "type": "Feature", "properties": { "fid": 238, "manzana": "5112", "evev": null }, "geometry": { "type": "MultiPolygon", "coordinates": [ [ [ [ -69.281433160589216, -51.669978949218894, 0.0 ], [ -69.281374187609316, -51.669943626664811, 0.0 ], [ -69.281345937769302, -51.669004613858334, 0.0 ], [ -69.281402663367729, -51.668967996432663, 0.0 ], [ -69.282009635876932, -51.668960934472651, 0.0 ], [ -69.282068524684874, -51.668996206769656, 0.0 ], [ -69.282096789642623, -51.669935270369777, 0.0 ], [ -69.282040063400004, -51.669971888125637, 0.0 ], [ -69.281433160589216, -51.669978949218894, 0.0 ] ] ] ] } },
{ "type": "Feature", "properties": { "fid": 239, "manzana": "507", "evev": null }, "geometry": { "type": "MultiPolygon", "coordinates": [ [ [ [ -69.286187266479104, -51.668948201960745, 0.0 ], [ -69.286243988071234, -51.668911582217923, 0.0 ], [ -69.286850959097393, -51.668904495317015, 0.0 ], [ -69.286909851606509, -51.668939765196079, 0.0 ], [ -69.286938215981394, -51.669878827479039, 0.0 ], [ -69.28688149372195, -51.66991544756717, 0.0 ], [ -69.286274509190747, -51.669922534645266, 0.0 ], [ -69.286215615920611, -51.669887264469274, 0.0 ], [ -69.286187266479104, -51.668948201960745, 0.0 ] ] ] ] } },
{ "type": "Feature", "properties": { "fid": 240, "manzana": "506", "evev": null }, "geometry": { "type": "MultiPolygon", "coordinates": [ [ [ [ -69.287271144738952, -51.668935545094655, 0.0 ], [ -69.287327865439295, -51.668898924829705, 0.0 ], [ -69.287934836104853, -51.668891832328519, 0.0 ], [ -69.287993729437076, -51.668927101662952, 0.0 ], [ -69.288022116213341, -51.669866163651754, 0.0 ], [ -69.287965394845756, -51.669902784261993, 0.0 ], [ -69.287358410675182, -51.669909876940565, 0.0 ], [ -69.287299516581854, -51.669874607309239, 0.0 ], [ -69.287271144738952, -51.668935545094655, 0.0 ] ] ] ] } },
{ "type": "Feature", "properties": { "fid": 241, "manzana": "509", "evev": null }, "geometry": { "type": "MultiPolygon", "coordinates": [ [ [ [ -69.284987195161207, -51.669901597151728, 0.0 ], [ -69.284930471296505, -51.669938216300039, 0.0 ], [ -69.284323486117103, -51.669945293297218, 0.0 ], [ -69.284264594328775, -51.669910022140975, 0.0 ], [ -69.284236285209943, -51.668970959104186, 0.0 ], [ -69.284293008407175, -51.668934340301192, 0.0 ], [ -69.284899980081505, -51.668927263480782, 0.0 ], [ -69.284958871108927, -51.66896253434011, 0.0 ], [ -69.284987195161207, -51.669901597151728, 0.0 ] ] ] ] } },
{ "type": "Feature", "properties": { "fid": 242, "manzana": "508", "evev": null }, "geometry": { "type": "MultiPolygon", "coordinates": [ [ [ [ -69.285247904414746, -51.668959163159911, 0.0 ], [ -69.28530462677972, -51.66892254386957, 0.0 ], [ -69.285911598118091, -51.668915461822245, 0.0 ], [ -69.285970489913822, -51.668950732173272, 0.0 ], [ -69.285998834874107, -51.669889794710912, 0.0 ], [ -69.285942111841749, -51.669926414346541, 0.0 ], [ -69.285335126998334, -51.669933496570863, 0.0 ], [ -69.285276234441625, -51.669898225922879, 0.0 ], [ -69.285247904414746, -51.668959163159911, 0.0 ] ] ] ] } },
{ "type": "Feature", "properties": { "fid": 243, "manzana": "514", "evev": null }, "geometry": { "type": "MultiPolygon", "coordinates": [ [ [ [ -69.285286536328869, -51.670239703175305, 0.0 ], [ -69.285343260281309, -51.670203083856855, 0.0 ], [ -69.285950248726238, -51.670196001585325, 0.0 ], [ -69.286009141827904, -51.670231271674062, 0.0 ], [ -69.286047663756008, -51.671507318168899, 0.0 ], [ -69.285990938724652, -51.671543937836006, 0.0 ], [ -69.285383932271145, -51.671551020343564, 0.0 ], [ -69.285325037598355, -51.671515749747599, 0.0 ], [ -69.285286536328869, -51.670239703175305, 0.0 ] ] ] ] } },
{ "type": "Feature", "properties": { "fid": 244, "manzana": "515", "evev": null }, "geometry": { "type": "MultiPolygon", "coordinates": [ [ [ [ -69.285035988026635, -51.671519121081673, 0.0 ], [ -69.284979262162864, -51.671555740261461, 0.0 ], [ -69.284372255373356, -51.671562817541577, 0.0 ], [ -69.28431336147824, -51.671527546442839, 0.0 ], [ -69.284274888629497, -51.670251499482141, 0.0 ], [ -69.284331613397569, -51.670214880661817, 0.0 ], [ -69.284938602178485, -51.67020780361748, 0.0 ], [ -69.284997494511813, -51.670243074214511, 0.0 ], [ -69.285035988026635, -51.671519121081673, 0.0 ] ] ] ] } },
{ "type": "Feature", "properties": { "fid": 245, "manzana": "512", "evev": null }, "geometry": { "type": "MultiPolygon", "coordinates": [ [ [ [ -69.287309833401352, -51.670216084076579, 0.0 ], [ -69.287366555341876, -51.67017946400761, 0.0 ], [ -69.287973543113978, -51.670172371281758, 0.0 ], [ -69.288032437752207, -51.67020764035383, 0.0 ], [ -69.288071016508837, -51.671483686171463, 0.0 ], [ -69.288014293142396, -51.671520306813271, 0.0 ], [ -69.28740728736183, -51.671527399775684, 0.0 ], [ -69.287348391512765, -51.671492130412311, 0.0 ], [ -69.287309833401352, -51.670216084076579, 0.0 ] ] ] ] } },
{ "type": "Feature", "properties": { "fid": 246, "manzana": "513", "evev": null }, "geometry": { "type": "MultiPolygon", "coordinates": [ [ [ [ -69.286225924249251, -51.670228741636379, 0.0 ], [ -69.286282647428791, -51.670192121865384, 0.0 ], [ -69.286889635561494, -51.670185034740079, 0.0 ], [ -69.286948529376588, -51.670220304356775, 0.0 ], [ -69.286987077688408, -51.671496350505514, 0.0 ], [ -69.286930353430037, -51.671532970625172, 0.0 ], [ -69.286323347288828, -51.671540057986761, 0.0 ], [ -69.286264451902525, -51.671504787862823, 0.0 ], [ -69.286225924249251, -51.670228741636379, 0.0 ] ] ] ] } },
{ "type": "Feature", "properties": { "fid": 247, "manzana": "518", "evev": null }, "geometry": { "type": "MultiPolygon", "coordinates": [ [ [ [ -69.285332630421479, -51.67176736451696, 0.0 ], [ -69.285389356239975, -51.671730745182977, 0.0 ], [ -69.285996365094718, -51.671723662643934, 0.0 ], [ -69.286055260582089, -51.671758932915345, 0.0 ], [ -69.286083609908246, -51.672697994585029, 0.0 ], [ -69.286026882816856, -51.67273461465517, 0.0 ], [ -69.285419860454866, -51.672741697371244, 0.0 ], [ -69.285360964834979, -51.672706427179349, 0.0 ], [ -69.285332630421479, -51.67176736451696, 0.0 ] ] ] ] } },
{ "type": "Feature", "properties": { "fid": 248, "manzana": "521", "evev": null }, "geometry": { "type": "MultiPolygon", "coordinates": [ [ [ [ -69.287391974623972, -51.672934421131643, 0.0 ], [ -69.287448700231991, -51.67289780081078, 0.0 ], [ -69.28805572432249, -51.672890707607884, 0.0 ], [ -69.288114622922436, -51.672925976834946, 0.0 ], [ -69.288143015670101, -51.673865038151916, 0.0 ], [ -69.288086289418075, -51.67390165880304, 0.0 ], [ -69.287479251819477, -51.673908752183365, 0.0 ], [ -69.287420352433955, -51.673873482644829, 0.0 ], [ -69.287391974623972, -51.672934421131643, 0.0 ] ] ] ] } },
{ "type": "Feature", "properties": { "fid": 249, "manzana": "516", "evev": null }, "geometry": { "type": "MultiPolygon", "coordinates": [ [ [ [ -69.287355995181144, -51.671743744818812, 0.0 ], [ -69.287412719334739, -51.671707124510085, 0.0 ], [ -69.288019727516513, -51.671700031516174, 0.0 ], [ -69.288078624540617, -51.671735300770855, 0.0 ], [ -69.288107015689519, -51.672674361891602, 0.0 ], [ -69.288050290263158, -51.672710982936486, 0.0 ], [ -69.287443268574179, -51.672718076107834, 0.0 ], [ -69.28738437141746, -51.672682806932627, 0.0 ], [ -69.287355995181144, -51.671743744818812, 0.0 ] ] ] ] } },
{ "type": "Feature", "properties": { "fid": 250, "manzana": "517", "evev": null }, "geometry": { "type": "MultiPolygon", "coordinates": [ [ [ [ -69.286272049928328, -51.671756402563993, 0.0 ], [ -69.286328774973853, -51.671719782777451, 0.0 ], [ -69.286935783516284, -51.67171269538435, 0.0 ], [ -69.286994679717154, -51.671747965183719, 0.0 ], [ -69.287023048461023, -51.672687026598652, 0.0 ], [ -69.286966322142689, -51.672723647121387, 0.0 ], [ -69.286359300093011, -51.67273073469169, 0.0 ], [ -69.286300403759569, -51.672695464971817, 0.0 ], [ -69.286272049928328, -51.671756402563993, 0.0 ] ] ] ] } },
{ "type": "Feature", "properties": { "fid": 251, "manzana": "524", "evev": null }, "geometry": { "type": "MultiPolygon", "coordinates": [ [ [ [ -69.285107828096926, -51.673900475149146, 0.0 ], [ -69.285051099347243, -51.673937094338122, 0.0 ], [ -69.284444060739489, -51.673944172034837, 0.0 ], [ -69.284385163659408, -51.673908900971128, 0.0 ], [ -69.284356848588018, -51.672969838635545, 0.0 ], [ -69.28441357669351, -51.672933219776837, 0.0 ], [ -69.285020601793079, -51.672926142256962, 0.0 ], [ -69.285079498087754, -51.672961413009141, 0.0 ], [ -69.285107828096926, -51.673900475149146, 0.0 ] ] ] ] } },
{ "type": "Feature", "properties": { "fid": 252, "manzana": "525", "evev": null }, "geometry": { "type": "MultiPolygon", "coordinates": [ [ [ [ -69.284168362681058, -51.673911427869413, 0.0 ], [ -69.284111633158375, -51.673948046605716, 0.0 ], [ -69.283576861760622, -51.673954277596081, 0.0 ], [ -69.283517965339314, -51.673919006096646, 0.0 ], [ -69.283502123990402, -51.673393310448347, 0.0 ], [ -69.283503207680738, -51.673280930334521, 0.0 ], [ -69.283506170487655, -51.673168580294792, 0.0 ], [ -69.283520049342371, -51.672978076929262, 0.0 ], [ -69.283574391634104, -51.672942998962277, 0.0 ], [ -69.284081157128668, -51.672937094243686, 0.0 ], [ -69.284140052734102, -51.672972365482501, 0.0 ], [ -69.284168362681058, -51.673911427869413, 0.0 ] ] ] ] } },
{ "type": "Feature", "properties": { "fid": 253, "manzana": "522", "evev": null }, "geometry": { "type": "MultiPolygon", "coordinates": [ [ [ [ -69.286308000962592, -51.672947079249596, 0.0 ], [ -69.286364727462598, -51.672910459450925, 0.0 ], [ -69.286971751913768, -51.672903371849117, 0.0 ], [ -69.28703064969045, -51.672938641620867, 0.0 ], [ -69.287059020031549, -51.673877703232087, 0.0 ], [ -69.287002292887479, -51.673914323361018, 0.0 ], [ -69.286395254928138, -51.673921411140043, 0.0 ], [ -69.28633635636595, -51.673886141056798, 0.0 ], [ -69.286308000962592, -51.672947079249596, 0.0 ] ] ] ] } },
{ "type": "Feature", "properties": { "fid": 254, "manzana": "523", "evev": null }, "geometry": { "type": "MultiPolygon", "coordinates": [ [ [ [ -69.285368556834968, -51.67295804152532, 0.0 ], [ -69.285425284108001, -51.672921422179201, 0.0 ], [ -69.286032308871512, -51.672914339431649, 0.0 ], [ -69.286091205934653, -51.672949609675477, 0.0 ], [ -69.286119556856647, -51.67388867154142, 0.0 ], [ -69.286062828939535, -51.673925291217785, 0.0 ], [ -69.285455790667825, -51.673932374142339, 0.0 ], [ -69.285396892819264, -51.673897103587052, 0.0 ], [ -69.285368556834968, -51.67295804152532, 0.0 ] ] ] ] } },
{ "type": "Feature", "properties": { "fid": 255, "manzana": "536", "evev": null }, "geometry": { "type": "MultiPolygon", "coordinates": [ [ [ [ -69.285443129467552, -51.67542925711664, 0.0 ], [ -69.285499859759767, -51.675392637745396, 0.0 ], [ -69.28610691754497, -51.675385554565025, 0.0 ], [ -69.286165817878853, -51.675420824751555, 0.0 ], [ -69.286194172088642, -51.676359886197943, 0.0 ], [ -69.286137441152263, -51.676396505899454, 0.0 ], [ -69.285530369856914, -51.676403589256864, 0.0 ], [ -69.28547146873747, -51.676368318758833, 0.0 ], [ -69.285443129467552, -51.67542925711664, 0.0 ] ] ] ] } },
{ "type": "Feature", "properties": { "fid": 256, "manzana": "537", "evev": null }, "geometry": { "type": "MultiPolygon", "coordinates": [ [ [ [ -69.284431366184265, -51.675441054947548, 0.0 ], [ -69.284488097309051, -51.675404436063758, 0.0 ], [ -69.285095155430383, -51.675397358111532, 0.0 ], [ -69.285154054995701, -51.675432628806469, 0.0 ], [ -69.28518238828967, -51.676371690526949, 0.0 ], [ -69.28512565652062, -51.676408309741021, 0.0 ], [ -69.284518584889156, -51.676415387870115, 0.0 ], [ -69.284459684538305, -51.676380116863633, 0.0 ], [ -69.284431366184265, -51.675441054947548, 0.0 ] ] ] ] } },
{ "type": "Feature", "properties": { "fid": 257, "manzana": "534", "evev": null }, "geometry": { "type": "MultiPolygon", "coordinates": [ [ [ [ -69.287466657329048, -51.675405635279262, 0.0 ], [ -69.287523385956007, -51.675369014933153, 0.0 ], [ -69.288130443068027, -51.675361921296535, 0.0 ], [ -69.288189344938971, -51.675397190466192, 0.0 ], [ -69.288217740980372, -51.676336251363509, 0.0 ], [ -69.288161011709363, -51.676372872039899, 0.0 ], [ -69.287553941087253, -51.676379965853968, 0.0 ], [ -69.28749503843062, -51.676344696372766, 0.0 ], [ -69.287466657329048, -51.675405635279262, 0.0 ] ] ] ] } },
{ "type": "Feature", "properties": { "fid": 258, "manzana": "17", "evev": null }, "geometry": { "type": "MultiPolygon", "coordinates": [ [ [ [ -69.242652932681509, -51.662731787044379, 0.0 ], [ -69.242593920974883, -51.66269659940528, 0.0 ], [ -69.242559893096356, -51.661690182627467, 0.0 ], [ -69.242616472869145, -51.661653483373406, 0.0 ], [ -69.245390631688437, -51.661617171806384, 0.0 ], [ -69.245449644151563, -51.661652358045778, 0.0 ], [ -69.245483736016297, -51.662658773908753, 0.0 ], [ -69.245427157315319, -51.662695474536292, 0.0 ], [ -69.242652932681509, -51.662731787044379, 0.0 ] ] ] ] } },
{ "type": "Feature", "properties": { "fid": 259, "manzana": "Frac. D", "evev": null }, "geometry": { "type": "MultiPolygon", "coordinates": [ [ [ [ -69.242500955720459, -51.659946924575486, 0.0 ], [ -69.245390595920426, -51.659909101453323, 0.0 ], [ -69.2454426433398, -51.661445683336702, 0.0 ], [ -69.24538606611307, -51.661482383950137, 0.0 ], [ -69.242611915520357, -51.661518695399657, 0.0 ], [ -69.242552905424347, -51.661483507730573, 0.0 ], [ -69.242500955720459, -51.659946924575486, 0.0 ] ] ] ] } },
{ "type": "Feature", "properties": { "fid": 260, "manzana": "Frac. 50", "evev": null }, "geometry": { "type": "MultiPolygon", "coordinates": [ [ [ [ -69.242500955720459, -51.659946924575486, 0.0 ], [ -69.245390595920426, -51.659909101453323, 0.0 ], [ -69.2454426433398, -51.661445683336702, 0.0 ], [ -69.24538606611307, -51.661482383950137, 0.0 ], [ -69.242611915520357, -51.661518695399657, 0.0 ], [ -69.242552905424347, -51.661483507730573, 0.0 ], [ -69.242500955720459, -51.659946924575486, 0.0 ] ] ] ] } },
{ "type": "Feature", "properties": { "fid": 261, "manzana": "15", "evev": null }, "geometry": { "type": "MultiPolygon", "coordinates": [ [ [ [ -69.242154198526791, -51.659951458539204, 0.0 ], [ -69.242213206320713, -51.659986646420734, 0.0 ], [ -69.242263931355168, -51.661487286259998, 0.0 ], [ -69.242207351503652, -51.661523985345433, 0.0 ], [ -69.23921978766775, -51.661563006568841, 0.0 ], [ -69.23916078013589, -51.661527817192649, 0.0 ], [ -69.2391101575476, -51.66002717589334, 0.0 ], [ -69.239166738045952, -51.659990478289721, 0.0 ], [ -69.242154198526791, -51.659951458539204, 0.0 ] ] ] ] } },
{ "type": "Feature", "properties": { "fid": 262, "manzana": null, "evev": null }, "geometry": { "type": "MultiPolygon", "coordinates": [ [ [ [ -69.242205867160337, -51.65977976725803, 0.0 ], [ -69.242149296437987, -51.659816675033717, 0.0 ], [ -69.239161844815143, -51.659855694649139, 0.0 ], [ -69.239102839549957, -51.659820505230556, 0.0 ], [ -69.239065861541334, -51.65872426315476, 0.0 ], [ -69.239122440456455, -51.658687565566225, 0.0 ], [ -69.242109815198404, -51.658648546978021, 0.0 ], [ -69.242168821374349, -51.658683734958736, 0.0 ], [ -69.242205867160337, -51.65977976725803, 0.0 ] ] ] ] } },
{ "type": "Feature", "properties": { "fid": 263, "manzana": "Frac. F", "evev": null }, "geometry": { "type": "MultiPolygon", "coordinates": [ [ [ [ -69.244373283265418, -51.65861895415258, 0.0 ], [ -69.245374631242655, -51.659774484160913, 0.0 ], [ -69.242500236147038, -51.659812107509119, 0.0 ], [ -69.242461961089532, -51.65867992319572, 0.0 ], [ -69.242518537200951, -51.658643223974686, 0.0 ], [ -69.244373283265418, -51.65861895415258, 0.0 ] ] ] ] } },
{ "type": "Feature", "properties": { "fid": 264, "manzana": "Fracc. 906", "evev": null }, "geometry": { "type": "MultiPolygon", "coordinates": [ [ [ [ -69.244373283265418, -51.65861895415258, 0.0 ], [ -69.245374631242655, -51.659774484160913, 0.0 ], [ -69.242500236147038, -51.659812107509119, 0.0 ], [ -69.242461961089532, -51.65867992319572, 0.0 ], [ -69.242518537200951, -51.658643223974686, 0.0 ], [ -69.244373283265418, -51.65861895415258, 0.0 ] ] ] ] } },
{ "type": "Feature", "properties": { "fid": 265, "manzana": "13", "evev": null }, "geometry": { "type": "MultiPolygon", "coordinates": [ [ [ [ -69.242404920776352, -51.656333171491141, 0.0 ], [ -69.242431190637632, -51.656328866187266, 0.0 ], [ -69.244251970654204, -51.658430422064725, 0.0 ], [ -69.244221548815119, -51.658462883264754, 0.0 ], [ -69.242535605802345, -51.658484943358651, 0.0 ], [ -69.242476566900493, -51.658449736060085, 0.0 ], [ -69.242404920776352, -51.656333171491141, 0.0 ] ] ] ] } },
{ "type": "Feature", "properties": { "fid": 266, "manzana": "12", "evev": null }, "geometry": { "type": "MultiPolygon", "coordinates": [ [ [ [ -69.242031789607069, -51.656333840568543, 0.0 ], [ -69.242090792598873, -51.656369028538954, 0.0 ], [ -69.24216125239046, -51.658453819422853, 0.0 ], [ -69.242104806629129, -51.658490448335513, 0.0 ], [ -69.239059662812508, -51.658530220632002, 0.0 ], [ -69.238986922957707, -51.65637360907138, 0.0 ], [ -69.242031789607069, -51.656333840568543, 0.0 ] ] ] ] } },
{ "type": "Feature", "properties": { "fid": 267, "manzana": "Mz. 11", "evev": null }, "geometry": { "type": "MultiPolygon", "coordinates": [ [ [ [ -69.242076979316394, -51.655958389422956, 0.0 ], [ -69.242084146089624, -51.656170456067841, 0.0 ], [ -69.242027541238755, -51.656207175499063, 0.0 ], [ -69.239040471285222, -51.656246189855146, 0.0 ], [ -69.23898143800028, -51.656210980779704, 0.0 ], [ -69.238837823383903, -51.651952389287423, 0.0 ], [ -69.242076979316394, -51.655958389422956, 0.0 ] ] ] ] } },
{ "type": "Feature", "properties": { "fid": 268, "manzana": "18", "evev": null }, "geometry": { "type": "MultiPolygon", "coordinates": [ [ [ [ -69.243567785956458, -51.662854667130155, 0.0 ], [ -69.245431723146709, -51.662830262362647, 0.0 ], [ -69.245490737220635, -51.662865448571935, 0.0 ], [ -69.245524830997383, -51.663871864211721, 0.0 ], [ -69.245468250821901, -51.663908564853465, 0.0 ], [ -69.24360426940946, -51.663932970253541, 0.0 ], [ -69.243567785956458, -51.662854667130155, 0.0 ] ] ] ] } },
{ "type": "Feature", "properties": { "fid": 269, "manzana": "27", "evev": null }, "geometry": { "type": "MultiPolygon", "coordinates": [ [ [ [ -69.242602428191773, -51.662948203570807, 0.0 ], [ -69.242659009493465, -51.662911504302187, 0.0 ], [ -69.243265873929531, -51.662903566505314, 0.0 ], [ -69.243324886424929, -51.662938753804575, 0.0 ], [ -69.243357411423489, -51.663900213698298, 0.0 ], [ -69.243300786753167, -51.663936940996919, 0.0 ], [ -69.242693907601691, -51.663944851862375, 0.0 ], [ -69.242634938824423, -51.663909690811018, 0.0 ], [ -69.242602428191773, -51.662948203570807, 0.0 ] ] ] ] } },
{ "type": "Feature", "properties": { "fid": 270, "manzana": "26", "evev": null }, "geometry": { "type": "MultiPolygon", "coordinates": [ [ [ [ -69.242345950246857, -51.66391349668892, 0.0 ], [ -69.242289367446304, -51.663950195802435, 0.0 ], [ -69.241501869248808, -51.663960461780079, 0.0 ], [ -69.241442856832535, -51.663925273570975, 0.0 ], [ -69.2414103714177, -51.662963785971066, 0.0 ], [ -69.241466953703863, -51.662927087275499, 0.0 ], [ -69.242248178721127, -51.662917024658555, 0.0 ], [ -69.242313444809895, -51.662951982233061, 0.0 ], [ -69.242345950246857, -51.66391349668892, 0.0 ] ] ] ] } },
{ "type": "Feature", "properties": { "fid": 271, "manzana": "25", "evev": null }, "geometry": { "type": "MultiPolygon", "coordinates": [ [ [ [ -69.240218313785732, -51.66297935627415, 0.0 ], [ -69.240274897056196, -51.662942658151678, 0.0 ], [ -69.241056122631619, -51.662932603462707, 0.0 ], [ -69.241121387827675, -51.662967561700555, 0.0 ], [ -69.241153868045927, -51.663929076516204, 0.0 ], [ -69.241097284261031, -51.663965775056546, 0.0 ], [ -69.240309785497601, -51.663976033042537, 0.0 ], [ -69.240250773982538, -51.663940844233537, 0.0 ], [ -69.240218313785732, -51.66297935627415, 0.0 ] ] ] ] } },
{ "type": "Feature", "properties": { "fid": 272, "manzana": "24", "evev": null }, "geometry": { "type": "MultiPolygon", "coordinates": [ [ [ [ -69.239210193589869, -51.662992514591068, 0.0 ], [ -69.239266777599141, -51.662955817013703, 0.0 ], [ -69.239873643371126, -51.662947896681636, 0.0 ], [ -69.239932653302262, -51.662983085688161, 0.0 ], [ -69.239965151078877, -51.66394457316413, 0.0 ], [ -69.239908522689461, -51.663981271702504, 0.0 ], [ -69.239301643212698, -51.663989192170526, 0.0 ], [ -69.239242633375028, -51.663954029982371, 0.0 ], [ -69.239210193589869, -51.662992514591068, 0.0 ] ] ] ] } },
{ "type": "Feature", "properties": { "fid": 273, "manzana": "23", "evev": null }, "geometry": { "type": "MultiPolygon", "coordinates": [ [ [ [ -69.239924203570681, -51.662731453614064, 0.0 ], [ -69.239867576657133, -51.66276815213844, 0.0 ], [ -69.23926071337867, -51.662776072375948, 0.0 ], [ -69.239201705151558, -51.662740910157801, 0.0 ], [ -69.239167752383835, -51.661734492309378, 0.0 ], [ -69.239224334863891, -51.661697794746431, 0.0 ], [ -69.239831183839172, -51.661689874653547, 0.0 ], [ -69.23989019210012, -51.661725063691129, 0.0 ], [ -69.239924203570681, -51.662731453614064, 0.0 ] ] ] ] } },
{ "type": "Feature", "properties": { "fid": 274, "manzana": "20", "evev": null }, "geometry": { "type": "MultiPolygon", "coordinates": [ [ [ [ -69.24111288880988, -51.662715957418214, 0.0 ], [ -69.24105630649963, -51.662752655944594, 0.0 ], [ -69.240268828755376, -51.662762913631099, 0.0 ], [ -69.240209818850957, -51.662727724792084, 0.0 ], [ -69.24017584467714, -51.661721334389711, 0.0 ], [ -69.240232426418416, -51.661684636281763, 0.0 ], [ -69.241013630371157, -51.661674581900847, 0.0 ], [ -69.241078893724051, -51.661709540172296, 0.0 ], [ -69.24111288880988, -51.662715957418214, 0.0 ] ] ] ] } },
{ "type": "Feature", "properties": { "fid": 275, "manzana": "19", "evev": null }, "geometry": { "type": "MultiPolygon", "coordinates": [ [ [ [ -69.242304939193218, -51.66270037804486, 0.0 ], [ -69.24224835786724, -51.662737077144307, 0.0 ], [ -69.241460880688862, -51.66274734282203, 0.0 ], [ -69.241401869883163, -51.662712154583005, 0.0 ], [ -69.241367869315809, -51.661705764556785, 0.0 ], [ -69.241424450072728, -51.661669065875799, 0.0 ], [ -69.242205653467352, -51.661659003567443, 0.0 ], [ -69.242270917712872, -51.661693961175374, 0.0 ], [ -69.242304939193218, -51.66270037804486, 0.0 ] ] ] ] } },
{ "type": "Feature", "properties": { "fid": 276, "manzana": "22", "evev": null }, "geometry": { "type": "MultiPolygon", "coordinates": [ [ [ [ -69.243649875364639, -51.665280821730647, 0.0 ], [ -69.245513912057703, -51.665256415539851, 0.0 ], [ -69.245572929353571, -51.665291601689162, 0.0 ], [ -69.245607026954445, -51.666298016882486, 0.0 ], [ -69.245550443830155, -51.666334717552481, 0.0 ], [ -69.24368636290879, -51.666359124375866, 0.0 ], [ -69.243649875364639, -51.665280821730647, 0.0 ] ] ] ] } },
{ "type": "Feature", "properties": { "fid": 277, "manzana": "34", "evev": null }, "geometry": { "type": "MultiPolygon", "coordinates": [ [ [ [ -69.242682947167211, -51.665329436955048, 0.0 ], [ -69.24273884162173, -51.665293185010988, 0.0 ], [ -69.243345737860324, -51.665285246763567, 0.0 ], [ -69.243404753517794, -51.665320434004236, 0.0 ], [ -69.243439491672618, -51.666326368023945, 0.0 ], [ -69.24338286405083, -51.666363095350732, 0.0 ], [ -69.24277595539003, -51.666371006641313, 0.0 ], [ -69.242718925096995, -51.666334593379638, 0.0 ], [ -69.242682947167211, -51.665329436955048, 0.0 ] ] ] ] } },
{ "type": "Feature", "properties": { "fid": 278, "manzana": "33", "evev": null }, "geometry": { "type": "MultiPolygon", "coordinates": [ [ [ [ -69.242427976499386, -51.666339651785513, 0.0 ], [ -69.242371390749099, -51.666376350927287, 0.0 ], [ -69.241583850510793, -51.666386617504742, 0.0 ], [ -69.241524834872834, -51.666351429355686, 0.0 ], [ -69.241490138180552, -51.665345467591408, 0.0 ], [ -69.241546723362362, -51.665308768868627, 0.0 ], [ -69.242334934404738, -51.665298047836465, 0.0 ], [ -69.242393933089375, -51.665333225921671, 0.0 ], [ -69.242427976499386, -51.666339651785513, 0.0 ] ] ] ] } },
{ "type": "Feature", "properties": { "fid": 279, "manzana": "32", "evev": null }, "geometry": { "type": "MultiPolygon", "coordinates": [ [ [ [ -69.241235830638388, -51.666355232520722, 0.0 ], [ -69.24117924390346, -51.666391931089443, 0.0 ], [ -69.240391703099121, -51.666402189674621, 0.0 ], [ -69.240332688362443, -51.666367000925433, 0.0 ], [ -69.240298018058141, -51.665361038777995, 0.0 ], [ -69.240354604224336, -51.665324340628345, 0.0 ], [ -69.241142815844881, -51.665313627595225, 0.0 ], [ -69.24120181362855, -51.665348806280285, 0.0 ], [ -69.241235830638388, -51.666355232520722, 0.0 ] ] ] ] } },
{ "type": "Feature", "properties": { "fid": 280, "manzana": "31", "evev": null }, "geometry": { "type": "MultiPolygon", "coordinates": [ [ [ [ -69.240047050122698, -51.666370730008246, 0.0 ], [ -69.239990418781332, -51.66640742857458, 0.0 ], [ -69.239383506905952, -51.666415349503914, 0.0 ], [ -69.239324493847064, -51.666380187375573, 0.0 ], [ -69.239290535372433, -51.665373770196176, 0.0 ], [ -69.239347122276627, -51.665337072591264, 0.0 ], [ -69.239954019845669, -51.665329151806617, 0.0 ], [ -69.240013032938535, -51.665364340754287, 0.0 ], [ -69.240047050122698, -51.666370730008246, 0.0 ] ] ] ] } },
{ "type": "Feature", "properties": { "fid": 281, "manzana": "30", "evev": null }, "geometry": { "type": "MultiPolygon", "coordinates": [ [ [ [ -69.241193329904306, -51.665097211771347, 0.0 ], [ -69.241136744699276, -51.665133910325231, 0.0 ], [ -69.239283235014824, -51.665158104762504, 0.0 ], [ -69.239249127036615, -51.664147199382647, 0.0 ], [ -69.241102595326083, -51.664123000573198, 0.0 ], [ -69.241161607736714, -51.664158188952065, 0.0 ], [ -69.241193329904306, -51.665097211771347, 0.0 ] ] ] ] } },
{ "type": "Feature", "properties": { "fid": 282, "manzana": "29", "evev": null }, "geometry": { "type": "MultiPolygon", "coordinates": [ [ [ [ -69.241450598896321, -51.664154413114197, 0.0 ], [ -69.241507182629618, -51.66411771440486, 0.0 ], [ -69.242294953221034, -51.66410756618675, 0.0 ], [ -69.242353695946022, -51.664142609038755, 0.0 ], [ -69.242385443661988, -51.665081658635216, 0.0 ], [ -69.242328859441415, -51.665118357762246, 0.0 ], [ -69.241541341002673, -51.665128624028696, 0.0 ], [ -69.241482327035243, -51.665093435848526, 0.0 ], [ -69.241450598896321, -51.664154413114197, 0.0 ] ] ] ] } },
{ "type": "Feature", "properties": { "fid": 283, "manzana": "28", "evev": null }, "geometry": { "type": "MultiPolygon", "coordinates": [ [ [ [ -69.242642685981309, -51.664138803140389, 0.0 ], [ -69.242699268730362, -51.664102103857964, 0.0 ], [ -69.243306149063926, -51.664094165834044, 0.0 ], [ -69.243365163140126, -51.66412935310381, 0.0 ], [ -69.243396930836525, -51.6650683752733, 0.0 ], [ -69.24334034745128, -51.665105074886611, 0.0 ], [ -69.242733453618797, -51.665113013103301, 0.0 ], [ -69.242674438750328, -51.665077825523234, 0.0 ], [ -69.242642685981309, -51.664138803140389, 0.0 ] ] ] ] } },
{ "type": "Feature", "properties": { "fid": 284, "manzana": "21", "evev": null }, "geometry": { "type": "MultiPolygon", "coordinates": [ [ [ [ -69.243609589146971, -51.664090195646374, 0.0 ], [ -69.245473577007743, -51.664065790154076, 0.0 ], [ -69.245532592722398, -51.664100976332868, 0.0 ], [ -69.245564405201193, -51.665039997861911, 0.0 ], [ -69.245507823605934, -51.665076698517133, 0.0 ], [ -69.243643794284083, -51.665101104602478, 0.0 ], [ -69.243609589146971, -51.664090195646374, 0.0 ] ] ] ] } },
{ "type": "Feature", "properties": { "fid": 285, "manzana": "81", "evev": null }, "geometry": { "type": "MultiPolygon", "coordinates": [ [ [ [ -69.2401866483427, -51.670504225691552, 0.0 ], [ -69.240130011971218, -51.67054092430579, 0.0 ], [ -69.239523044887051, -51.670548846021291, 0.0 ], [ -69.239464026338581, -51.670513683994926, 0.0 ], [ -69.23942923469717, -51.669461883558277, 0.0 ], [ -69.239485826571638, -51.669425185905844, 0.0 ], [ -69.24009277873968, -51.669417264340076, 0.0 ], [ -69.2401517972623, -51.669452453186473, 0.0 ], [ -69.2401866483427, -51.670504225691552, 0.0 ] ] ] ] } },
{ "type": "Feature", "properties": { "fid": 286, "manzana": "80", "evev": null }, "geometry": { "type": "MultiPolygon", "coordinates": [ [ [ [ -69.240436808021556, -51.669449150842873, 0.0 ], [ -69.240493399158026, -51.669412452645659, 0.0 ], [ -69.241281681687596, -51.669401738597273, 0.0 ], [ -69.24134068489974, -51.669436917180995, 0.0 ], [ -69.241375536979547, -51.6704887266744, 0.0 ], [ -69.2413189452366, -51.67052542527933, 0.0 ], [ -69.240531332792386, -51.670535684885778, 0.0 ], [ -69.240472312565956, -51.670500496238652, 0.0 ], [ -69.240436808021556, -51.669449150842873, 0.0 ] ] ] ] } },
{ "type": "Feature", "properties": { "fid": 287, "manzana": "79", "evev": null }, "geometry": { "type": "MultiPolygon", "coordinates": [ [ [ [ -69.241629035391867, -51.669433578120085, 0.0 ], [ -69.241685625543539, -51.669396879349648, 0.0 ], [ -69.242473907494841, -51.669386157301041, 0.0 ], [ -69.242532911608194, -51.669421335284831, 0.0 ], [ -69.242567791285651, -51.670473144391522, 0.0 ], [ -69.242511200527403, -51.670509843569782, 0.0 ], [ -69.241723588649464, -51.670520111169665, 0.0 ], [ -69.24166456752134, -51.670484923122665, 0.0 ], [ -69.241629035391867, -51.669433578120085, 0.0 ] ] ] ] } },
{ "type": "Feature", "properties": { "fid": 288, "manzana": "78", "evev": null }, "geometry": { "type": "MultiPolygon", "coordinates": [ [ [ [ -69.242821261883108, -51.669417993297714, 0.0 ], [ -69.24287785105021, -51.669381293953961, 0.0 ], [ -69.243484801887263, -51.66937335492284, 0.0 ], [ -69.24354382297517, -51.669408542061994, 0.0 ], [ -69.24357939848997, -51.670459859304145, 0.0 ], [ -69.243522765838861, -51.670496586678944, 0.0 ], [ -69.242915799080464, -51.670504498795971, 0.0 ], [ -69.242856828736038, -51.670469342162434, 0.0 ], [ -69.242821261883108, -51.669417993297714, 0.0 ] ] ] ] } },
{ "type": "Feature", "properties": { "fid": 289, "manzana": "77", "evev": null }, "geometry": { "type": "MultiPolygon", "coordinates": [ [ [ [ -69.243789538220611, -51.669405354186758, 0.0 ], [ -69.243846126588011, -51.6693686543775, 0.0 ], [ -69.24452528943695, -51.669359764987576, 0.0 ], [ -69.244584311311343, -51.669394951602939, 0.0 ], [ -69.244619910899971, -51.670446268500967, 0.0 ], [ -69.244563279108945, -51.670482996376379, 0.0 ], [ -69.243884098553096, -51.670491858877959, 0.0 ], [ -69.243825127477152, -51.6704567027314, 0.0 ], [ -69.243789538220611, -51.669405354186758, 0.0 ] ] ] ] } },
{ "type": "Feature", "properties": { "fid": 290, "manzana": "76", "evev": null }, "geometry": { "type": "MultiPolygon", "coordinates": [ [ [ [ -69.244988944211642, -51.669389626257555, 0.0 ], [ -69.245045531588332, -51.669352925871785, 0.0 ], [ -69.245652481629293, -51.66934497564089, 0.0 ], [ -69.245711504355825, -51.669380161688835, 0.0 ], [ -69.2457471300241, -51.670431478213565, 0.0 ], [ -69.245690499164922, -51.670468206631426, 0.0 ], [ -69.245083533201424, -51.670476129948689, 0.0 ], [ -69.245024561219481, -51.670440974405324, 0.0 ], [ -69.244988944211642, -51.669389626257555, 0.0 ] ] ] ] } },
{ "type": "Feature", "properties": { "fid": 291, "manzana": "75", "evev": null }, "geometry": { "type": "MultiPolygon", "coordinates": [ [ [ [ -69.244937162834333, -51.667862032779276, 0.0 ], [ -69.244993748353878, -51.667825332411184, 0.0 ], [ -69.245600677991646, -51.667817382472656, 0.0 ], [ -69.245659698688996, -51.667852568558395, 0.0 ], [ -69.245702934044743, -51.669128531493051, 0.0 ], [ -69.245646304770872, -51.669165259895593, 0.0 ], [ -69.245039356211365, -51.669173182963512, 0.0 ], [ -69.244980385958797, -51.669138027387966, 0.0 ], [ -69.244937162834333, -51.667862032779276, 0.0 ] ] ] ] } },
{ "type": "Feature", "properties": { "fid": 292, "manzana": "74", "evev": null }, "geometry": { "type": "MultiPolygon", "coordinates": [ [ [ [ -69.244575747242123, -51.669143321317421, 0.0 ], [ -69.244519117036475, -51.669180049177754, 0.0 ], [ -69.243839955955309, -51.669188911400624, 0.0 ], [ -69.243780986608613, -51.669153755221743, 0.0 ], [ -69.243737797162453, -51.66787776013139, 0.0 ], [ -69.243794383672594, -51.667841060340024, 0.0 ], [ -69.244473523690843, -51.667832171276693, 0.0 ], [ -69.244532543536138, -51.667867357929936, 0.0 ], [ -69.244575747242123, -51.669143321317421, 0.0 ] ] ] ] } },
{ "type": "Feature", "properties": { "fid": 293, "manzana": "73", "evev": null }, "geometry": { "type": "MultiPolygon", "coordinates": [ [ [ [ -69.242769553374586, -51.667890398777018, 0.0 ], [ -69.242826140684386, -51.667853699451079, 0.0 ], [ -69.243433071118233, -51.667845760711636, 0.0 ], [ -69.243492090176872, -51.667880947888584, 0.0 ], [ -69.243535264667528, -51.669156911693698, 0.0 ], [ -69.243478633601853, -51.669193639053447, 0.0 ], [ -69.242871684247547, -51.669201550921635, 0.0 ], [ -69.24281271563234, -51.669166394255811, 0.0 ], [ -69.242769553374586, -51.667890398777018, 0.0 ] ] ] ] } },
{ "type": "Feature", "properties": { "fid": 294, "manzana": "72", "evev": null }, "geometry": { "type": "MultiPolygon", "coordinates": [ [ [ [ -69.242523686472779, -51.669170196364462, 0.0 ], [ -69.242467097295844, -51.669206895529626, 0.0 ], [ -69.241679508001738, -51.669217162807044, 0.0 ], [ -69.241620488604369, -51.669181974727827, 0.0 ], [ -69.241577366961366, -51.667905983027147, 0.0 ], [ -69.241633955255637, -51.66786928427441, 0.0 ], [ -69.242422210708526, -51.667858562604053, 0.0 ], [ -69.242481212793294, -51.667893740625658, 0.0 ], [ -69.242523686472779, -51.669170196364462, 0.0 ] ] ] ] } },
{ "type": "Feature", "properties": { "fid": 295, "manzana": "71", "evev": null }, "geometry": { "type": "MultiPolygon", "coordinates": [ [ [ [ -69.240385179669218, -51.667921555178175, 0.0 ], [ -69.240441768948017, -51.667884856998626, 0.0 ], [ -69.241230024979231, -51.667874143328028, 0.0 ], [ -69.241289026162889, -51.667909321949615, 0.0 ], [ -69.241331466353202, -51.669185778159196, 0.0 ], [ -69.241274876191568, -51.669222476751109, 0.0 ], [ -69.24048728633133, -51.669232736035319, 0.0 ], [ -69.240428267835384, -51.66919754735612, 0.0 ], [ -69.240385179669218, -51.667921555178175, 0.0 ] ] ] ] } },
{ "type": "Feature", "properties": { "fid": 296, "manzana": "70", "evev": null }, "geometry": { "type": "MultiPolygon", "coordinates": [ [ [ [ -69.240142611803421, -51.669201276692199, 0.0 ], [ -69.240085977017571, -51.669237975291281, 0.0 ], [ -69.239479027337623, -51.669245896758767, 0.0 ], [ -69.239420010519666, -51.669210734700293, 0.0 ], [ -69.239377640216176, -51.66793428741083, 0.0 ], [ -69.239434230233073, -51.667897589776118, 0.0 ], [ -69.240041161997624, -51.667889668500955, 0.0 ], [ -69.240100178491318, -51.667924857385167, 0.0 ], [ -69.240142611803421, -51.669201276692199, 0.0 ] ] ] ] } },
{ "type": "Feature", "properties": { "fid": 297, "manzana": "69", "evev": null }, "geometry": { "type": "MultiPolygon", "coordinates": [ [ [ [ -69.239427475077377, -51.667718300009426, 0.0 ], [ -69.239368460287977, -51.667683137913151, 0.0 ], [ -69.239333673244289, -51.666631336933349, 0.0 ], [ -69.239390261676888, -51.666594639313558, 0.0 ], [ -69.239997176039992, -51.666586718286197, 0.0 ], [ -69.240056190803458, -51.666621907202483, 0.0 ], [ -69.240091037280791, -51.6676736802509, 0.0 ], [ -69.240034404353963, -51.667710378832403, 0.0 ], [ -69.239427475077377, -51.667718300009426, 0.0 ] ] ] ] } },
{ "type": "Feature", "properties": { "fid": 298, "manzana": "68", "evev": null }, "geometry": { "type": "MultiPolygon", "coordinates": [ [ [ [ -69.240435700177301, -51.667705139768479, 0.0 ], [ -69.240376683710338, -51.667669951051536, 0.0 ], [ -69.24034118380942, -51.666618605112042, 0.0 ], [ -69.240397771504135, -51.666581906947549, 0.0 ], [ -69.241186004935386, -51.666571193598941, 0.0 ], [ -69.241245004389256, -51.666606372252637, 0.0 ], [ -69.241279851863084, -51.667658182289422, 0.0 ], [ -69.241223263561935, -51.667694880861596, 0.0 ], [ -69.240435700177301, -51.667705139768479, 0.0 ] ] ] ] } },
{ "type": "Feature", "properties": { "fid": 299, "manzana": "67", "evev": null }, "geometry": { "type": "MultiPolygon", "coordinates": [ [ [ [ -69.242472031905166, -51.667642601066355, 0.0 ], [ -69.242415444588616, -51.667679300211766, 0.0 ], [ -69.241627881770086, -51.667689567111459, 0.0 ], [ -69.241568864401714, -51.667654378994513, 0.0 ], [ -69.241533336920043, -51.666603033448126, 0.0 ], [ -69.241589923630144, -51.666566334710467, 0.0 ], [ -69.242378156483312, -51.666555613362483, 0.0 ], [ -69.242437156838207, -51.666590791416269, 0.0 ], [ -69.242472031905166, -51.667642601066355, 0.0 ] ] ] ] } },
{ "type": "Feature", "properties": { "fid": 300, "manzana": "66", "evev": null }, "geometry": { "type": "MultiPolygon", "coordinates": [ [ [ [ -69.242725489152008, -51.66658744968575, 0.0 ], [ -69.242782074877567, -51.666550750374938, 0.0 ], [ -69.243388987910166, -51.666542811884014, 0.0 ], [ -69.243448005238321, -51.666577999093199, 0.0 ], [ -69.243483576098043, -51.667629316879264, 0.0 ], [ -69.243426946891034, -51.667666044221171, 0.0 ], [ -69.242820017939863, -51.667673955797937, 0.0 ], [ -69.242761051351991, -51.667638799094355, 0.0 ], [ -69.242725489152008, -51.66658744968575, 0.0 ] ] ] ] } },
{ "type": "Feature", "properties": { "fid": 301, "manzana": "65", "evev": null }, "geometry": { "type": "MultiPolygon", "coordinates": [ [ [ [ -69.24452402369603, -51.667615727002968, 0.0 ], [ -69.244467395348991, -51.667652454845452, 0.0 ], [ -69.243788257098373, -51.667661316741921, 0.0 ], [ -69.243729289779111, -51.667626160525366, 0.0 ], [ -69.243693705179169, -51.666574811436675, 0.0 ], [ -69.243750290105154, -51.666538111660415, 0.0 ], [ -69.244429410651733, -51.666529222875511, 0.0 ], [ -69.244488428766417, -51.666564409560976, 0.0 ], [ -69.24452402369603, -51.667615727002968, 0.0 ] ] ] ] } },
{ "type": "Feature", "properties": { "fid": 302, "manzana": "64", "evev": null }, "geometry": { "type": "MultiPolygon", "coordinates": [ [ [ [ -69.245651172607538, -51.667600937720742, 0.0 ], [ -69.245594545192205, -51.667637666105577, 0.0 ], [ -69.244987617035719, -51.667645588881385, 0.0 ], [ -69.244928648810472, -51.667610433268045, 0.0 ], [ -69.244893036463807, -51.666559084576292, 0.0 ], [ -69.244949620399382, -51.66652238422342, 0.0 ], [ -69.245556532635902, -51.666514434533873, 0.0 ], [ -69.245615551602739, -51.666549620651914, 0.0 ], [ -69.245651172607538, -51.667600937720742, 0.0 ] ] ] ] } },
{ "type": "Feature", "properties": { "fid": 303, "manzana": "88", "evev": null }, "geometry": { "type": "MultiPolygon", "coordinates": [ [ [ [ -69.239480044393588, -51.670989589145755, 0.0 ], [ -69.239472779942119, -51.6707743447257, 0.0 ], [ -69.239803595601984, -51.670770027698403, 0.0 ], [ -69.240142949241502, -51.670836075013057, 0.0 ], [ -69.240199342442352, -51.670882757750732, 0.0 ], [ -69.240207731882393, -51.67113121670242, 0.0 ], [ -69.239480044393588, -51.670989589145755, 0.0 ] ] ] ] } },
{ "type": "Feature", "properties": { "fid": 304, "manzana": "87", "evev": null }, "geometry": { "type": "MultiPolygon", "coordinates": [ [ [ [ -69.242540986361405, -51.671302763858741, 0.0 ], [ -69.242597382604558, -51.6713494454374, 0.0 ], [ -69.242605785258704, -51.671597904180743, 0.0 ], [ -69.240495460763867, -51.671187214991996, 0.0 ], [ -69.24048706973835, -51.670938756065368, 0.0 ], [ -69.240541035563012, -51.670913551785759, 0.0 ], [ -69.242540986361405, -51.671302763858741, 0.0 ] ] ] ] } },
{ "type": "Feature", "properties": { "fid": 305, "manzana": "82", "evev": null }, "geometry": { "type": "MultiPolygon", "coordinates": [ [ [ [ -69.240765741473538, -51.670768829035538, 0.0 ], [ -69.24076535455977, -51.670757374455782, 0.0 ], [ -69.242518752731897, -51.67073446329281, 0.0 ], [ -69.242577774845216, -51.670769650907815, 0.0 ], [ -69.242588536010246, -51.671087856694008, 0.0 ], [ -69.242534571118284, -51.671113061912315, 0.0 ], [ -69.240765741473538, -51.670768829035538, 0.0 ] ] ] ] } },
{ "type": "Feature", "properties": { "fid": 306, "manzana": "86", "evev": null }, "geometry": { "type": "MultiPolygon", "coordinates": [ [ [ [ -69.244607671841479, -51.671704920387697, 0.0 ], [ -69.244664070706548, -51.671751600967468, 0.0 ], [ -69.24467248474906, -51.672000059531001, 0.0 ], [ -69.242896867485939, -51.671654547984097, 0.0 ], [ -69.2428884632278, -51.671406089265943, 0.0 ], [ -69.24290483265608, -51.671373567902435, 0.0 ], [ -69.244607671841479, -51.671704920387697, 0.0 ] ] ] ] } },
{ "type": "Feature", "properties": { "fid": 307, "manzana": "83", "evev": null }, "geometry": { "type": "MultiPolygon", "coordinates": [ [ [ [ -69.242936012511976, -51.671191216659182, 0.0 ], [ -69.242879616118287, -51.671144535241943, 0.0 ], [ -69.242866807944026, -51.670765871535629, 0.0 ], [ -69.242923398749994, -51.670729172176372, 0.0 ], [ -69.244570885087271, -51.67070761538406, 0.0 ], [ -69.244629908752145, -51.670742801966085, 0.0 ], [ -69.244655213296781, -51.671490047106246, 0.0 ], [ -69.244601249077903, -51.671515253271401, 0.0 ], [ -69.242936012511976, -51.671191216659182, 0.0 ] ] ] ] } },
{ "type": "Feature", "properties": { "fid": 308, "manzana": "85", "evev": null }, "geometry": { "type": "MultiPolygon", "coordinates": [ [ [ [ -69.245807729574537, -51.672220946261156, 0.0 ], [ -69.245080064153086, -51.67207935015923, 0.0 ], [ -69.245070189862631, -51.67178784944749, 0.0 ], [ -69.245120024298146, -51.671735027218823, 0.0 ], [ -69.245783824097231, -51.671515557824002, 0.0 ], [ -69.245807729574537, -51.672220946261156, 0.0 ] ] ] ] } },
{ "type": "Feature", "properties": { "fid": 309, "manzana": "84", "evev": null }, "geometry": { "type": "MultiPolygon", "coordinates": [ [ [ [ -69.245775291085366, -51.671263765250302, 0.0 ], [ -69.245111438553906, -51.671483253238009, 0.0 ], [ -69.245059169342426, -51.671464188723874, 0.0 ], [ -69.24503455457392, -51.670737503577328, 0.0 ], [ -69.245091143589477, -51.670700803175897, 0.0 ], [ -69.245755918103654, -51.670692095334644, 0.0 ], [ -69.245775291085366, -51.671263765250302, 0.0 ] ] ] ] } },
{ "type": "Feature", "properties": { "fid": 310, "manzana": "4", "evev": null }, "geometry": { "type": "MultiPolygon", "coordinates": [ [ [ [ -69.24625543822755, -51.671105785106356, 0.0 ], [ -69.246203148456459, -51.671086697087439, 0.0 ], [ -69.246124314998298, -51.668760970974105, 0.0 ], [ -69.246150203343845, -51.668756782894995, 0.0 ], [ -69.247710679029353, -51.670584787634432, 0.0 ], [ -69.247686717621761, -51.670633398536737, 0.0 ], [ -69.24625543822755, -51.671105785106356, 0.0 ] ] ] ] } },
{ "type": "Feature", "properties": { "fid": 311, "manzana": "3", "evev": null }, "geometry": { "type": "MultiPolygon", "coordinates": [ [ [ [ -69.246122708271756, -51.668341161874501, 0.0 ], [ -69.246146670153422, -51.668292551271563, 0.0 ], [ -69.247576565428574, -51.667820593922265, 0.0 ], [ -69.247654739690645, -51.667835492934174, 0.0 ], [ -69.24949811318497, -51.669994814567595, 0.0 ], [ -69.249474154001007, -51.670043425836447, 0.0 ], [ -69.248044208618211, -51.670515406172484, 0.0 ], [ -69.247966029613238, -51.670500507432877, 0.0 ], [ -69.246122708271756, -51.668341161874501, 0.0 ] ] ] ] } },
{ "type": "Feature", "properties": { "fid": 312, "manzana": "2", "evev": null }, "geometry": { "type": "MultiPolygon", "coordinates": [ [ [ [ -69.247910074939057, -51.667751212834879, 0.0 ], [ -69.247934034597407, -51.667702601865372, 0.0 ], [ -69.249363892672932, -51.667230622759931, 0.0 ], [ -69.249442066501118, -51.66724552058438, 0.0 ], [ -69.251285500833163, -51.669404814304528, 0.0 ], [ -69.251261543872658, -51.669453425939885, 0.0 ], [ -69.249831635695941, -51.669925428032769, 0.0 ], [ -69.249753457124982, -51.669910530480749, 0.0 ], [ -69.247910074939057, -51.667751212834879, 0.0 ] ] ] ] } },
{ "type": "Feature", "properties": { "fid": 313, "manzana": "1", "evev": null }, "geometry": { "type": "MultiPolygon", "coordinates": [ [ [ [ -69.249697395106708, -51.667161236600229, 0.0 ], [ -69.249721352541854, -51.667112625264181, 0.0 ], [ -69.251151173417455, -51.666640624403982, 0.0 ], [ -69.251229346811584, -51.666655521040994, 0.0 ], [ -69.253072841973434, -51.668814786846966, 0.0 ], [ -69.253048887236304, -51.668863398848799, 0.0 ], [ -69.251619016266034, -51.669335422697188, 0.0 ], [ -69.251540838129202, -51.669320526332676, 0.0 ], [ -69.249697395106708, -51.667161236600229, 0.0 ] ] ] ] } },
{ "type": "Feature", "properties": { "fid": 314, "manzana": "Frac.3e", "evev": null }, "geometry": { "type": "MultiPolygon", "coordinates": [ [ [ [ -69.245892433151369, -51.662348552383207, 0.0 ], [ -69.247179345425664, -51.661923737675075, 0.0 ], [ -69.251051990078992, -51.666460537728661, 0.0 ], [ -69.246087318406111, -51.668099319120977, 0.0 ], [ -69.245892433151369, -51.662348552383207, 0.0 ] ] ] ] } },
{ "type": "Feature", "properties": { "fid": 315, "manzana": "Frac.3f", "evev": null }, "geometry": { "type": "MultiPolygon", "coordinates": [ [ [ [ -69.245824242586693, -51.660335990216474, 0.0 ], [ -69.247179345425664, -51.661923737675075, 0.0 ], [ -69.245892433151383, -51.662348552383207, 0.0 ], [ -69.245824242586693, -51.660335990216474, 0.0 ] ] ] ] } },
{ "type": "Feature", "properties": { "fid": 316, "manzana": "8", "evev": null }, "geometry": { "type": "MultiPolygon", "coordinates": [ [ [ [ -69.254035187533802, -51.672241870625228, 0.0 ], [ -69.254059142983905, -51.672193258449411, 0.0 ], [ -69.255489078363624, -51.671721205040122, 0.0 ], [ -69.255567261921698, -51.67173609876334, 0.0 ], [ -69.257985760733234, -51.674568084763919, 0.0 ], [ -69.2579577089585, -51.674589070427551, 0.0 ], [ -69.255655936124484, -51.67413983572731, 0.0 ], [ -69.254035187533802, -51.672241870625228, 0.0 ] ] ] ] } },
{ "type": "Feature", "properties": { "fid": 317, "manzana": "7", "evev": null }, "geometry": { "type": "MultiPolygon", "coordinates": [ [ [ [ -69.251002020008798, -51.673231370420034, 0.0 ], [ -69.250997925083041, -51.673203742875735, 0.0 ], [ -69.253701654487102, -51.672311269082236, 0.0 ], [ -69.253779838479716, -51.672326163993056, 0.0 ], [ -69.255236000744688, -51.674031411043799, 0.0 ], [ -69.255207948027504, -51.674052396054016, 0.0 ], [ -69.251002020008798, -51.673231370420034, 0.0 ] ] ] ] } },
{ "type": "Feature", "properties": { "fid": 318, "manzana": "5", "evev": null }, "geometry": { "type": "MultiPolygon", "coordinates": [ [ [ [ -69.246285481298244, -51.672030177066873, 0.0 ], [ -69.246233335757992, -51.671977209257662, 0.0 ], [ -69.24621922997521, -51.671561099427905, 0.0 ], [ -69.246269083342838, -51.671508300724554, 0.0 ], [ -69.247957807940878, -51.670950947466416, 0.0 ], [ -69.248035987719092, -51.670965846209313, 0.0 ], [ -69.249736675163561, -51.67295787009423, 0.0 ], [ -69.249708620561975, -51.672978853797453, 0.0 ], [ -69.248301714920885, -51.672704157427908, 0.0 ], [ -69.246285481298244, -51.672030177066873, 0.0 ] ] ] ] } },
{ "type": "Feature", "properties": { "fid": 319, "manzana": "6", "evev": null }, "geometry": { "type": "MultiPolygon", "coordinates": [ [ [ [ -69.248291339837024, -51.670881565304057, 0.0 ], [ -69.248315300727029, -51.67083295428116, 0.0 ], [ -69.249745253268173, -51.670360970661072, 0.0 ], [ -69.249823432612374, -51.670375868216396, 0.0 ], [ -69.251802576925641, -51.672693924474487, 0.0 ], [ -69.251778618796067, -51.67274253618956, 0.0 ], [ -69.250559425029323, -51.673144962385315, 0.0 ], [ -69.250156587543444, -51.673066314487805, 0.0 ], [ -69.248291339837024, -51.670881565304057, 0.0 ] ] ] ] } },
{ "type": "Feature", "properties": { "fid": 320, "manzana": "Frac.3d", "evev": null }, "geometry": { "type": "MultiPolygon", "coordinates": [ [ [ [ -69.255404572563194, -51.671545580093479, 0.0 ], [ -69.252085044829144, -51.672641389299358, 0.0 ], [ -69.250051667797294, -51.670259829049371, 0.0 ], [ -69.253371070921546, -51.669164077029066, 0.0 ], [ -69.255404572563194, -51.671545580093479, 0.0 ] ] ] ] } },
{ "type": "Feature", "properties": { "fid": 321, "manzana": "17", "evev": null }, "geometry": { "type": "MultiPolygon", "coordinates": [ [ [ [ -69.242652932681509, -51.662731787044379, 0.0 ], [ -69.242593920974883, -51.66269659940528, 0.0 ], [ -69.242559893096356, -51.661690182627467, 0.0 ], [ -69.242616472869145, -51.661653483373406, 0.0 ], [ -69.245390631688437, -51.661617171806384, 0.0 ], [ -69.245449644151563, -51.661652358045778, 0.0 ], [ -69.245483736016297, -51.662658773908753, 0.0 ], [ -69.245427157315319, -51.662695474536292, 0.0 ], [ -69.242652932681509, -51.662731787044379, 0.0 ] ] ] ] } },
{ "type": "Feature", "properties": { "fid": 322, "manzana": "Frac. D", "evev": null }, "geometry": { "type": "MultiPolygon", "coordinates": [ [ [ [ -69.242500955720459, -51.659946924575486, 0.0 ], [ -69.245390595920426, -51.659909101453323, 0.0 ], [ -69.2454426433398, -51.661445683336702, 0.0 ], [ -69.24538606611307, -51.661482383950137, 0.0 ], [ -69.242611915520357, -51.661518695399657, 0.0 ], [ -69.242552905424347, -51.661483507730573, 0.0 ], [ -69.242500955720459, -51.659946924575486, 0.0 ] ] ] ] } },
{ "type": "Feature", "properties": { "fid": 323, "manzana": "Frac. 50", "evev": null }, "geometry": { "type": "MultiPolygon", "coordinates": [ [ [ [ -69.242500955720459, -51.659946924575486, 0.0 ], [ -69.245390595920426, -51.659909101453323, 0.0 ], [ -69.2454426433398, -51.661445683336702, 0.0 ], [ -69.24538606611307, -51.661482383950137, 0.0 ], [ -69.242611915520357, -51.661518695399657, 0.0 ], [ -69.242552905424347, -51.661483507730573, 0.0 ], [ -69.242500955720459, -51.659946924575486, 0.0 ] ] ] ] } },
{ "type": "Feature", "properties": { "fid": 324, "manzana": "15", "evev": null }, "geometry": { "type": "MultiPolygon", "coordinates": [ [ [ [ -69.242154198526791, -51.659951458539204, 0.0 ], [ -69.242213206320713, -51.659986646420734, 0.0 ], [ -69.242263931355168, -51.661487286259998, 0.0 ], [ -69.242207351503652, -51.661523985345433, 0.0 ], [ -69.23921978766775, -51.661563006568841, 0.0 ], [ -69.23916078013589, -51.661527817192649, 0.0 ], [ -69.2391101575476, -51.66002717589334, 0.0 ], [ -69.239166738045952, -51.659990478289721, 0.0 ], [ -69.242154198526791, -51.659951458539204, 0.0 ] ] ] ] } },
{ "type": "Feature", "properties": { "fid": 325, "manzana": null, "evev": null }, "geometry": { "type": "MultiPolygon", "coordinates": [ [ [ [ -69.242205867160337, -51.65977976725803, 0.0 ], [ -69.242149296437987, -51.659816675033717, 0.0 ], [ -69.239161844815143, -51.659855694649139, 0.0 ], [ -69.239102839549957, -51.659820505230556, 0.0 ], [ -69.239065861541334, -51.65872426315476, 0.0 ], [ -69.239122440456455, -51.658687565566225, 0.0 ], [ -69.242109815198404, -51.658648546978021, 0.0 ], [ -69.242168821374349, -51.658683734958736, 0.0 ], [ -69.242205867160337, -51.65977976725803, 0.0 ] ] ] ] } },
{ "type": "Feature", "properties": { "fid": 326, "manzana": "Frac. F", "evev": null }, "geometry": { "type": "MultiPolygon", "coordinates": [ [ [ [ -69.244373283265418, -51.65861895415258, 0.0 ], [ -69.245374631242655, -51.659774484160913, 0.0 ], [ -69.242500236147038, -51.659812107509119, 0.0 ], [ -69.242461961089532, -51.65867992319572, 0.0 ], [ -69.242518537200951, -51.658643223974686, 0.0 ], [ -69.244373283265418, -51.65861895415258, 0.0 ] ] ] ] } },
{ "type": "Feature", "properties": { "fid": 327, "manzana": "Fracc. 906", "evev": null }, "geometry": { "type": "MultiPolygon", "coordinates": [ [ [ [ -69.244373283265418, -51.65861895415258, 0.0 ], [ -69.245374631242655, -51.659774484160913, 0.0 ], [ -69.242500236147038, -51.659812107509119, 0.0 ], [ -69.242461961089532, -51.65867992319572, 0.0 ], [ -69.242518537200951, -51.658643223974686, 0.0 ], [ -69.244373283265418, -51.65861895415258, 0.0 ] ] ] ] } },
{ "type": "Feature", "properties": { "fid": 328, "manzana": "13", "evev": null }, "geometry": { "type": "MultiPolygon", "coordinates": [ [ [ [ -69.242404920776352, -51.656333171491141, 0.0 ], [ -69.242431190637632, -51.656328866187266, 0.0 ], [ -69.244251970654204, -51.658430422064725, 0.0 ], [ -69.244221548815119, -51.658462883264754, 0.0 ], [ -69.242535605802345, -51.658484943358651, 0.0 ], [ -69.242476566900493, -51.658449736060085, 0.0 ], [ -69.242404920776352, -51.656333171491141, 0.0 ] ] ] ] } },
{ "type": "Feature", "properties": { "fid": 329, "manzana": "12", "evev": null }, "geometry": { "type": "MultiPolygon", "coordinates": [ [ [ [ -69.242031789607069, -51.656333840568543, 0.0 ], [ -69.242090792598873, -51.656369028538954, 0.0 ], [ -69.24216125239046, -51.658453819422853, 0.0 ], [ -69.242104806629129, -51.658490448335513, 0.0 ], [ -69.239059662812508, -51.658530220632002, 0.0 ], [ -69.238986922957707, -51.65637360907138, 0.0 ], [ -69.242031789607069, -51.656333840568543, 0.0 ] ] ] ] } },
{ "type": "Feature", "properties": { "fid": 330, "manzana": "Mz. 11", "evev": null }, "geometry": { "type": "MultiPolygon", "coordinates": [ [ [ [ -69.242076979316394, -51.655958389422956, 0.0 ], [ -69.242084146089624, -51.656170456067841, 0.0 ], [ -69.242027541238755, -51.656207175499063, 0.0 ], [ -69.239040471285222, -51.656246189855146, 0.0 ], [ -69.23898143800028, -51.656210980779704, 0.0 ], [ -69.238837823383903, -51.651952389287423, 0.0 ], [ -69.242076979316394, -51.655958389422956, 0.0 ] ] ] ] } },
{ "type": "Feature", "properties": { "fid": 331, "manzana": "18", "evev": null }, "geometry": { "type": "MultiPolygon", "coordinates": [ [ [ [ -69.243567785956458, -51.662854667130155, 0.0 ], [ -69.245431723146709, -51.662830262362647, 0.0 ], [ -69.245490737220635, -51.662865448571935, 0.0 ], [ -69.245524830997383, -51.663871864211721, 0.0 ], [ -69.245468250821901, -51.663908564853465, 0.0 ], [ -69.24360426940946, -51.663932970253541, 0.0 ], [ -69.243567785956458, -51.662854667130155, 0.0 ] ] ] ] } },
{ "type": "Feature", "properties": { "fid": 332, "manzana": "27", "evev": null }, "geometry": { "type": "MultiPolygon", "coordinates": [ [ [ [ -69.242602428191773, -51.662948203570807, 0.0 ], [ -69.242659009493465, -51.662911504302187, 0.0 ], [ -69.243265873929531, -51.662903566505314, 0.0 ], [ -69.243324886424929, -51.662938753804575, 0.0 ], [ -69.243357411423489, -51.663900213698298, 0.0 ], [ -69.243300786753167, -51.663936940996919, 0.0 ], [ -69.242693907601691, -51.663944851862375, 0.0 ], [ -69.242634938824423, -51.663909690811018, 0.0 ], [ -69.242602428191773, -51.662948203570807, 0.0 ] ] ] ] } },
{ "type": "Feature", "properties": { "fid": 333, "manzana": "26", "evev": null }, "geometry": { "type": "MultiPolygon", "coordinates": [ [ [ [ -69.242345950246857, -51.66391349668892, 0.0 ], [ -69.242289367446304, -51.663950195802435, 0.0 ], [ -69.241501869248808, -51.663960461780079, 0.0 ], [ -69.241442856832535, -51.663925273570975, 0.0 ], [ -69.2414103714177, -51.662963785971066, 0.0 ], [ -69.241466953703863, -51.662927087275499, 0.0 ], [ -69.242248178721127, -51.662917024658555, 0.0 ], [ -69.242313444809895, -51.662951982233061, 0.0 ], [ -69.242345950246857, -51.66391349668892, 0.0 ] ] ] ] } },
{ "type": "Feature", "properties": { "fid": 334, "manzana": "25", "evev": null }, "geometry": { "type": "MultiPolygon", "coordinates": [ [ [ [ -69.240218313785732, -51.66297935627415, 0.0 ], [ -69.240274897056196, -51.662942658151678, 0.0 ], [ -69.241056122631619, -51.662932603462707, 0.0 ], [ -69.241121387827675, -51.662967561700555, 0.0 ], [ -69.241153868045927, -51.663929076516204, 0.0 ], [ -69.241097284261031, -51.663965775056546, 0.0 ], [ -69.240309785497601, -51.663976033042537, 0.0 ], [ -69.240250773982538, -51.663940844233537, 0.0 ], [ -69.240218313785732, -51.66297935627415, 0.0 ] ] ] ] } },
{ "type": "Feature", "properties": { "fid": 335, "manzana": "24", "evev": null }, "geometry": { "type": "MultiPolygon", "coordinates": [ [ [ [ -69.239210193589869, -51.662992514591068, 0.0 ], [ -69.239266777599141, -51.662955817013703, 0.0 ], [ -69.239873643371126, -51.662947896681636, 0.0 ], [ -69.239932653302262, -51.662983085688161, 0.0 ], [ -69.239965151078877, -51.66394457316413, 0.0 ], [ -69.239908522689461, -51.663981271702504, 0.0 ], [ -69.239301643212698, -51.663989192170526, 0.0 ], [ -69.239242633375028, -51.663954029982371, 0.0 ], [ -69.239210193589869, -51.662992514591068, 0.0 ] ] ] ] } },
{ "type": "Feature", "properties": { "fid": 336, "manzana": "23", "evev": null }, "geometry": { "type": "MultiPolygon", "coordinates": [ [ [ [ -69.239924203570681, -51.662731453614064, 0.0 ], [ -69.239867576657133, -51.66276815213844, 0.0 ], [ -69.23926071337867, -51.662776072375948, 0.0 ], [ -69.239201705151558, -51.662740910157801, 0.0 ], [ -69.239167752383835, -51.661734492309378, 0.0 ], [ -69.239224334863891, -51.661697794746431, 0.0 ], [ -69.239831183839172, -51.661689874653547, 0.0 ], [ -69.23989019210012, -51.661725063691129, 0.0 ], [ -69.239924203570681, -51.662731453614064, 0.0 ] ] ] ] } },
{ "type": "Feature", "properties": { "fid": 337, "manzana": "20", "evev": null }, "geometry": { "type": "MultiPolygon", "coordinates": [ [ [ [ -69.24111288880988, -51.662715957418214, 0.0 ], [ -69.24105630649963, -51.662752655944594, 0.0 ], [ -69.240268828755376, -51.662762913631099, 0.0 ], [ -69.240209818850957, -51.662727724792084, 0.0 ], [ -69.24017584467714, -51.661721334389711, 0.0 ], [ -69.240232426418416, -51.661684636281763, 0.0 ], [ -69.241013630371157, -51.661674581900847, 0.0 ], [ -69.241078893724051, -51.661709540172296, 0.0 ], [ -69.24111288880988, -51.662715957418214, 0.0 ] ] ] ] } },
{ "type": "Feature", "properties": { "fid": 338, "manzana": "19", "evev": null }, "geometry": { "type": "MultiPolygon", "coordinates": [ [ [ [ -69.242304939193218, -51.66270037804486, 0.0 ], [ -69.24224835786724, -51.662737077144307, 0.0 ], [ -69.241460880688862, -51.66274734282203, 0.0 ], [ -69.241401869883163, -51.662712154583005, 0.0 ], [ -69.241367869315809, -51.661705764556785, 0.0 ], [ -69.241424450072728, -51.661669065875799, 0.0 ], [ -69.242205653467352, -51.661659003567443, 0.0 ], [ -69.242270917712872, -51.661693961175374, 0.0 ], [ -69.242304939193218, -51.66270037804486, 0.0 ] ] ] ] } },
{ "type": "Feature", "properties": { "fid": 339, "manzana": "22", "evev": null }, "geometry": { "type": "MultiPolygon", "coordinates": [ [ [ [ -69.243649875364639, -51.665280821730647, 0.0 ], [ -69.245513912057703, -51.665256415539851, 0.0 ], [ -69.245572929353571, -51.665291601689162, 0.0 ], [ -69.245607026954445, -51.666298016882486, 0.0 ], [ -69.245550443830155, -51.666334717552481, 0.0 ], [ -69.24368636290879, -51.666359124375866, 0.0 ], [ -69.243649875364639, -51.665280821730647, 0.0 ] ] ] ] } },
{ "type": "Feature", "properties": { "fid": 340, "manzana": "34", "evev": null }, "geometry": { "type": "MultiPolygon", "coordinates": [ [ [ [ -69.242682947167211, -51.665329436955048, 0.0 ], [ -69.24273884162173, -51.665293185010988, 0.0 ], [ -69.243345737860324, -51.665285246763567, 0.0 ], [ -69.243404753517794, -51.665320434004236, 0.0 ], [ -69.243439491672618, -51.666326368023945, 0.0 ], [ -69.24338286405083, -51.666363095350732, 0.0 ], [ -69.24277595539003, -51.666371006641313, 0.0 ], [ -69.242718925096995, -51.666334593379638, 0.0 ], [ -69.242682947167211, -51.665329436955048, 0.0 ] ] ] ] } },
{ "type": "Feature", "properties": { "fid": 341, "manzana": "33", "evev": null }, "geometry": { "type": "MultiPolygon", "coordinates": [ [ [ [ -69.242427976499386, -51.666339651785513, 0.0 ], [ -69.242371390749099, -51.666376350927287, 0.0 ], [ -69.241583850510793, -51.666386617504742, 0.0 ], [ -69.241524834872834, -51.666351429355686, 0.0 ], [ -69.241490138180552, -51.665345467591408, 0.0 ], [ -69.241546723362362, -51.665308768868627, 0.0 ], [ -69.242334934404738, -51.665298047836465, 0.0 ], [ -69.242393933089375, -51.665333225921671, 0.0 ], [ -69.242427976499386, -51.666339651785513, 0.0 ] ] ] ] } },
{ "type": "Feature", "properties": { "fid": 342, "manzana": "32", "evev": null }, "geometry": { "type": "MultiPolygon", "coordinates": [ [ [ [ -69.241235830638388, -51.666355232520722, 0.0 ], [ -69.24117924390346, -51.666391931089443, 0.0 ], [ -69.240391703099121, -51.666402189674621, 0.0 ], [ -69.240332688362443, -51.666367000925433, 0.0 ], [ -69.240298018058141, -51.665361038777995, 0.0 ], [ -69.240354604224336, -51.665324340628345, 0.0 ], [ -69.241142815844881, -51.665313627595225, 0.0 ], [ -69.24120181362855, -51.665348806280285, 0.0 ], [ -69.241235830638388, -51.666355232520722, 0.0 ] ] ] ] } },
{ "type": "Feature", "properties": { "fid": 343, "manzana": "31", "evev": null }, "geometry": { "type": "MultiPolygon", "coordinates": [ [ [ [ -69.240047050122698, -51.666370730008246, 0.0 ], [ -69.239990418781332, -51.66640742857458, 0.0 ], [ -69.239383506905952, -51.666415349503914, 0.0 ], [ -69.239324493847064, -51.666380187375573, 0.0 ], [ -69.239290535372433, -51.665373770196176, 0.0 ], [ -69.239347122276627, -51.665337072591264, 0.0 ], [ -69.239954019845669, -51.665329151806617, 0.0 ], [ -69.240013032938535, -51.665364340754287, 0.0 ], [ -69.240047050122698, -51.666370730008246, 0.0 ] ] ] ] } },
{ "type": "Feature", "properties": { "fid": 344, "manzana": "30", "evev": null }, "geometry": { "type": "MultiPolygon", "coordinates": [ [ [ [ -69.241193329904306, -51.665097211771347, 0.0 ], [ -69.241136744699276, -51.665133910325231, 0.0 ], [ -69.239283235014824, -51.665158104762504, 0.0 ], [ -69.239249127036615, -51.664147199382647, 0.0 ], [ -69.241102595326083, -51.664123000573198, 0.0 ], [ -69.241161607736714, -51.664158188952065, 0.0 ], [ -69.241193329904306, -51.665097211771347, 0.0 ] ] ] ] } },
{ "type": "Feature", "properties": { "fid": 345, "manzana": "29", "evev": null }, "geometry": { "type": "MultiPolygon", "coordinates": [ [ [ [ -69.241450598896321, -51.664154413114197, 0.0 ], [ -69.241507182629618, -51.66411771440486, 0.0 ], [ -69.242294953221034, -51.66410756618675, 0.0 ], [ -69.242353695946022, -51.664142609038755, 0.0 ], [ -69.242385443661988, -51.665081658635216, 0.0 ], [ -69.242328859441415, -51.665118357762246, 0.0 ], [ -69.241541341002673, -51.665128624028696, 0.0 ], [ -69.241482327035243, -51.665093435848526, 0.0 ], [ -69.241450598896321, -51.664154413114197, 0.0 ] ] ] ] } },
{ "type": "Feature", "properties": { "fid": 346, "manzana": "28", "evev": null }, "geometry": { "type": "MultiPolygon", "coordinates": [ [ [ [ -69.242642685981309, -51.664138803140389, 0.0 ], [ -69.242699268730362, -51.664102103857964, 0.0 ], [ -69.243306149063926, -51.664094165834044, 0.0 ], [ -69.243365163140126, -51.66412935310381, 0.0 ], [ -69.243396930836525, -51.6650683752733, 0.0 ], [ -69.24334034745128, -51.665105074886611, 0.0 ], [ -69.242733453618797, -51.665113013103301, 0.0 ], [ -69.242674438750328, -51.665077825523234, 0.0 ], [ -69.242642685981309, -51.664138803140389, 0.0 ] ] ] ] } },
{ "type": "Feature", "properties": { "fid": 347, "manzana": "21", "evev": null }, "geometry": { "type": "MultiPolygon", "coordinates": [ [ [ [ -69.243609589146971, -51.664090195646374, 0.0 ], [ -69.245473577007743, -51.664065790154076, 0.0 ], [ -69.245532592722398, -51.664100976332868, 0.0 ], [ -69.245564405201193, -51.665039997861911, 0.0 ], [ -69.245507823605934, -51.665076698517133, 0.0 ], [ -69.243643794284083, -51.665101104602478, 0.0 ], [ -69.243609589146971, -51.664090195646374, 0.0 ] ] ] ] } },
{ "type": "Feature", "properties": { "fid": 348, "manzana": "81", "evev": null }, "geometry": { "type": "MultiPolygon", "coordinates": [ [ [ [ -69.2401866483427, -51.670504225691552, 0.0 ], [ -69.240130011971218, -51.67054092430579, 0.0 ], [ -69.239523044887051, -51.670548846021291, 0.0 ], [ -69.239464026338581, -51.670513683994926, 0.0 ], [ -69.23942923469717, -51.669461883558277, 0.0 ], [ -69.239485826571638, -51.669425185905844, 0.0 ], [ -69.24009277873968, -51.669417264340076, 0.0 ], [ -69.2401517972623, -51.669452453186473, 0.0 ], [ -69.2401866483427, -51.670504225691552, 0.0 ] ] ] ] } },
{ "type": "Feature", "properties": { "fid": 349, "manzana": "80", "evev": null }, "geometry": { "type": "MultiPolygon", "coordinates": [ [ [ [ -69.240436808021556, -51.669449150842873, 0.0 ], [ -69.240493399158026, -51.669412452645659, 0.0 ], [ -69.241281681687596, -51.669401738597273, 0.0 ], [ -69.24134068489974, -51.669436917180995, 0.0 ], [ -69.241375536979547, -51.6704887266744, 0.0 ], [ -69.2413189452366, -51.67052542527933, 0.0 ], [ -69.240531332792386, -51.670535684885778, 0.0 ], [ -69.240472312565956, -51.670500496238652, 0.0 ], [ -69.240436808021556, -51.669449150842873, 0.0 ] ] ] ] } },
{ "type": "Feature", "properties": { "fid": 350, "manzana": "79", "evev": null }, "geometry": { "type": "MultiPolygon", "coordinates": [ [ [ [ -69.241629035391867, -51.669433578120085, 0.0 ], [ -69.241685625543539, -51.669396879349648, 0.0 ], [ -69.242473907494841, -51.669386157301041, 0.0 ], [ -69.242532911608194, -51.669421335284831, 0.0 ], [ -69.242567791285651, -51.670473144391522, 0.0 ], [ -69.242511200527403, -51.670509843569782, 0.0 ], [ -69.241723588649464, -51.670520111169665, 0.0 ], [ -69.24166456752134, -51.670484923122665, 0.0 ], [ -69.241629035391867, -51.669433578120085, 0.0 ] ] ] ] } },
{ "type": "Feature", "properties": { "fid": 351, "manzana": "78", "evev": null }, "geometry": { "type": "MultiPolygon", "coordinates": [ [ [ [ -69.242821261883108, -51.669417993297714, 0.0 ], [ -69.24287785105021, -51.669381293953961, 0.0 ], [ -69.243484801887263, -51.66937335492284, 0.0 ], [ -69.24354382297517, -51.669408542061994, 0.0 ], [ -69.24357939848997, -51.670459859304145, 0.0 ], [ -69.243522765838861, -51.670496586678944, 0.0 ], [ -69.242915799080464, -51.670504498795971, 0.0 ], [ -69.242856828736038, -51.670469342162434, 0.0 ], [ -69.242821261883108, -51.669417993297714, 0.0 ] ] ] ] } },
{ "type": "Feature", "properties": { "fid": 352, "manzana": "77", "evev": null }, "geometry": { "type": "MultiPolygon", "coordinates": [ [ [ [ -69.243789538220611, -51.669405354186758, 0.0 ], [ -69.243846126588011, -51.6693686543775, 0.0 ], [ -69.24452528943695, -51.669359764987576, 0.0 ], [ -69.244584311311343, -51.669394951602939, 0.0 ], [ -69.244619910899971, -51.670446268500967, 0.0 ], [ -69.244563279108945, -51.670482996376379, 0.0 ], [ -69.243884098553096, -51.670491858877959, 0.0 ], [ -69.243825127477152, -51.6704567027314, 0.0 ], [ -69.243789538220611, -51.669405354186758, 0.0 ] ] ] ] } },
{ "type": "Feature", "properties": { "fid": 353, "manzana": "76", "evev": null }, "geometry": { "type": "MultiPolygon", "coordinates": [ [ [ [ -69.244988944211642, -51.669389626257555, 0.0 ], [ -69.245045531588332, -51.669352925871785, 0.0 ], [ -69.245652481629293, -51.66934497564089, 0.0 ], [ -69.245711504355825, -51.669380161688835, 0.0 ], [ -69.2457471300241, -51.670431478213565, 0.0 ], [ -69.245690499164922, -51.670468206631426, 0.0 ], [ -69.245083533201424, -51.670476129948689, 0.0 ], [ -69.245024561219481, -51.670440974405324, 0.0 ], [ -69.244988944211642, -51.669389626257555, 0.0 ] ] ] ] } },
{ "type": "Feature", "properties": { "fid": 354, "manzana": "75", "evev": null }, "geometry": { "type": "MultiPolygon", "coordinates": [ [ [ [ -69.244937162834333, -51.667862032779276, 0.0 ], [ -69.244993748353878, -51.667825332411184, 0.0 ], [ -69.245600677991646, -51.667817382472656, 0.0 ], [ -69.245659698688996, -51.667852568558395, 0.0 ], [ -69.245702934044743, -51.669128531493051, 0.0 ], [ -69.245646304770872, -51.669165259895593, 0.0 ], [ -69.245039356211365, -51.669173182963512, 0.0 ], [ -69.244980385958797, -51.669138027387966, 0.0 ], [ -69.244937162834333, -51.667862032779276, 0.0 ] ] ] ] } },
{ "type": "Feature", "properties": { "fid": 355, "manzana": "74", "evev": null }, "geometry": { "type": "MultiPolygon", "coordinates": [ [ [ [ -69.244575747242123, -51.669143321317421, 0.0 ], [ -69.244519117036475, -51.669180049177754, 0.0 ], [ -69.243839955955309, -51.669188911400624, 0.0 ], [ -69.243780986608613, -51.669153755221743, 0.0 ], [ -69.243737797162453, -51.66787776013139, 0.0 ], [ -69.243794383672594, -51.667841060340024, 0.0 ], [ -69.244473523690843, -51.667832171276693, 0.0 ], [ -69.244532543536138, -51.667867357929936, 0.0 ], [ -69.244575747242123, -51.669143321317421, 0.0 ] ] ] ] } },
{ "type": "Feature", "properties": { "fid": 356, "manzana": "73", "evev": null }, "geometry": { "type": "MultiPolygon", "coordinates": [ [ [ [ -69.242769553374586, -51.667890398777018, 0.0 ], [ -69.242826140684386, -51.667853699451079, 0.0 ], [ -69.243433071118233, -51.667845760711636, 0.0 ], [ -69.243492090176872, -51.667880947888584, 0.0 ], [ -69.243535264667528, -51.669156911693698, 0.0 ], [ -69.243478633601853, -51.669193639053447, 0.0 ], [ -69.242871684247547, -51.669201550921635, 0.0 ], [ -69.24281271563234, -51.669166394255811, 0.0 ], [ -69.242769553374586, -51.667890398777018, 0.0 ] ] ] ] } },
{ "type": "Feature", "properties": { "fid": 357, "manzana": "72", "evev": null }, "geometry": { "type": "MultiPolygon", "coordinates": [ [ [ [ -69.242523686472779, -51.669170196364462, 0.0 ], [ -69.242467097295844, -51.669206895529626, 0.0 ], [ -69.241679508001738, -51.669217162807044, 0.0 ], [ -69.241620488604369, -51.669181974727827, 0.0 ], [ -69.241577366961366, -51.667905983027147, 0.0 ], [ -69.241633955255637, -51.66786928427441, 0.0 ], [ -69.242422210708526, -51.667858562604053, 0.0 ], [ -69.242481212793294, -51.667893740625658, 0.0 ], [ -69.242523686472779, -51.669170196364462, 0.0 ] ] ] ] } },
{ "type": "Feature", "properties": { "fid": 358, "manzana": "71", "evev": null }, "geometry": { "type": "MultiPolygon", "coordinates": [ [ [ [ -69.240385179669218, -51.667921555178175, 0.0 ], [ -69.240441768948017, -51.667884856998626, 0.0 ], [ -69.241230024979231, -51.667874143328028, 0.0 ], [ -69.241289026162889, -51.667909321949615, 0.0 ], [ -69.241331466353202, -51.669185778159196, 0.0 ], [ -69.241274876191568, -51.669222476751109, 0.0 ], [ -69.24048728633133, -51.669232736035319, 0.0 ], [ -69.240428267835384, -51.66919754735612, 0.0 ], [ -69.240385179669218, -51.667921555178175, 0.0 ] ] ] ] } },
{ "type": "Feature", "properties": { "fid": 359, "manzana": "70", "evev": null }, "geometry": { "type": "MultiPolygon", "coordinates": [ [ [ [ -69.240142611803421, -51.669201276692199, 0.0 ], [ -69.240085977017571, -51.669237975291281, 0.0 ], [ -69.239479027337623, -51.669245896758767, 0.0 ], [ -69.239420010519666, -51.669210734700293, 0.0 ], [ -69.239377640216176, -51.66793428741083, 0.0 ], [ -69.239434230233073, -51.667897589776118, 0.0 ], [ -69.240041161997624, -51.667889668500955, 0.0 ], [ -69.240100178491318, -51.667924857385167, 0.0 ], [ -69.240142611803421, -51.669201276692199, 0.0 ] ] ] ] } },
{ "type": "Feature", "properties": { "fid": 360, "manzana": "69", "evev": null }, "geometry": { "type": "MultiPolygon", "coordinates": [ [ [ [ -69.239427475077377, -51.667718300009426, 0.0 ], [ -69.239368460287977, -51.667683137913151, 0.0 ], [ -69.239333673244289, -51.666631336933349, 0.0 ], [ -69.239390261676888, -51.666594639313558, 0.0 ], [ -69.239997176039992, -51.666586718286197, 0.0 ], [ -69.240056190803458, -51.666621907202483, 0.0 ], [ -69.240091037280791, -51.6676736802509, 0.0 ], [ -69.240034404353963, -51.667710378832403, 0.0 ], [ -69.239427475077377, -51.667718300009426, 0.0 ] ] ] ] } },
{ "type": "Feature", "properties": { "fid": 361, "manzana": "68", "evev": null }, "geometry": { "type": "MultiPolygon", "coordinates": [ [ [ [ -69.240435700177301, -51.667705139768479, 0.0 ], [ -69.240376683710338, -51.667669951051536, 0.0 ], [ -69.24034118380942, -51.666618605112042, 0.0 ], [ -69.240397771504135, -51.666581906947549, 0.0 ], [ -69.241186004935386, -51.666571193598941, 0.0 ], [ -69.241245004389256, -51.666606372252637, 0.0 ], [ -69.241279851863084, -51.667658182289422, 0.0 ], [ -69.241223263561935, -51.667694880861596, 0.0 ], [ -69.240435700177301, -51.667705139768479, 0.0 ] ] ] ] } },
{ "type": "Feature", "properties": { "fid": 362, "manzana": "67", "evev": null }, "geometry": { "type": "MultiPolygon", "coordinates": [ [ [ [ -69.242472031905166, -51.667642601066355, 0.0 ], [ -69.242415444588616, -51.667679300211766, 0.0 ], [ -69.241627881770086, -51.667689567111459, 0.0 ], [ -69.241568864401714, -51.667654378994513, 0.0 ], [ -69.241533336920043, -51.666603033448126, 0.0 ], [ -69.241589923630144, -51.666566334710467, 0.0 ], [ -69.242378156483312, -51.666555613362483, 0.0 ], [ -69.242437156838207, -51.666590791416269, 0.0 ], [ -69.242472031905166, -51.667642601066355, 0.0 ] ] ] ] } },
{ "type": "Feature", "properties": { "fid": 363, "manzana": "66", "evev": null }, "geometry": { "type": "MultiPolygon", "coordinates": [ [ [ [ -69.242725489152008, -51.66658744968575, 0.0 ], [ -69.242782074877567, -51.666550750374938, 0.0 ], [ -69.243388987910166, -51.666542811884014, 0.0 ], [ -69.243448005238321, -51.666577999093199, 0.0 ], [ -69.243483576098043, -51.667629316879264, 0.0 ], [ -69.243426946891034, -51.667666044221171, 0.0 ], [ -69.242820017939863, -51.667673955797937, 0.0 ], [ -69.242761051351991, -51.667638799094355, 0.0 ], [ -69.242725489152008, -51.66658744968575, 0.0 ] ] ] ] } },
{ "type": "Feature", "properties": { "fid": 364, "manzana": "65", "evev": null }, "geometry": { "type": "MultiPolygon", "coordinates": [ [ [ [ -69.24452402369603, -51.667615727002968, 0.0 ], [ -69.244467395348991, -51.667652454845452, 0.0 ], [ -69.243788257098373, -51.667661316741921, 0.0 ], [ -69.243729289779111, -51.667626160525366, 0.0 ], [ -69.243693705179169, -51.666574811436675, 0.0 ], [ -69.243750290105154, -51.666538111660415, 0.0 ], [ -69.244429410651733, -51.666529222875511, 0.0 ], [ -69.244488428766417, -51.666564409560976, 0.0 ], [ -69.24452402369603, -51.667615727002968, 0.0 ] ] ] ] } },
{ "type": "Feature", "properties": { "fid": 365, "manzana": "64", "evev": null }, "geometry": { "type": "MultiPolygon", "coordinates": [ [ [ [ -69.245651172607538, -51.667600937720742, 0.0 ], [ -69.245594545192205, -51.667637666105577, 0.0 ], [ -69.244987617035719, -51.667645588881385, 0.0 ], [ -69.244928648810472, -51.667610433268045, 0.0 ], [ -69.244893036463807, -51.666559084576292, 0.0 ], [ -69.244949620399382, -51.66652238422342, 0.0 ], [ -69.245556532635902, -51.666514434533873, 0.0 ], [ -69.245615551602739, -51.666549620651914, 0.0 ], [ -69.245651172607538, -51.667600937720742, 0.0 ] ] ] ] } },
{ "type": "Feature", "properties": { "fid": 366, "manzana": "88", "evev": null }, "geometry": { "type": "MultiPolygon", "coordinates": [ [ [ [ -69.239480044393588, -51.670989589145755, 0.0 ], [ -69.239472779942119, -51.6707743447257, 0.0 ], [ -69.239803595601984, -51.670770027698403, 0.0 ], [ -69.240142949241502, -51.670836075013057, 0.0 ], [ -69.240199342442352, -51.670882757750732, 0.0 ], [ -69.240207731882393, -51.67113121670242, 0.0 ], [ -69.239480044393588, -51.670989589145755, 0.0 ] ] ] ] } },
{ "type": "Feature", "properties": { "fid": 367, "manzana": "87", "evev": null }, "geometry": { "type": "MultiPolygon", "coordinates": [ [ [ [ -69.242540986361405, -51.671302763858741, 0.0 ], [ -69.242597382604558, -51.6713494454374, 0.0 ], [ -69.242605785258704, -51.671597904180743, 0.0 ], [ -69.240495460763867, -51.671187214991996, 0.0 ], [ -69.24048706973835, -51.670938756065368, 0.0 ], [ -69.240541035563012, -51.670913551785759, 0.0 ], [ -69.242540986361405, -51.671302763858741, 0.0 ] ] ] ] } },
{ "type": "Feature", "properties": { "fid": 368, "manzana": "82", "evev": null }, "geometry": { "type": "MultiPolygon", "coordinates": [ [ [ [ -69.240765741473538, -51.670768829035538, 0.0 ], [ -69.24076535455977, -51.670757374455782, 0.0 ], [ -69.242518752731897, -51.67073446329281, 0.0 ], [ -69.242577774845216, -51.670769650907815, 0.0 ], [ -69.242588536010246, -51.671087856694008, 0.0 ], [ -69.242534571118284, -51.671113061912315, 0.0 ], [ -69.240765741473538, -51.670768829035538, 0.0 ] ] ] ] } },
{ "type": "Feature", "properties": { "fid": 369, "manzana": "86", "evev": null }, "geometry": { "type": "MultiPolygon", "coordinates": [ [ [ [ -69.244607671841479, -51.671704920387697, 0.0 ], [ -69.244664070706548, -51.671751600967468, 0.0 ], [ -69.24467248474906, -51.672000059531001, 0.0 ], [ -69.242896867485939, -51.671654547984097, 0.0 ], [ -69.2428884632278, -51.671406089265943, 0.0 ], [ -69.24290483265608, -51.671373567902435, 0.0 ], [ -69.244607671841479, -51.671704920387697, 0.0 ] ] ] ] } },
{ "type": "Feature", "properties": { "fid": 370, "manzana": "83", "evev": null }, "geometry": { "type": "MultiPolygon", "coordinates": [ [ [ [ -69.242936012511976, -51.671191216659182, 0.0 ], [ -69.242879616118287, -51.671144535241943, 0.0 ], [ -69.242866807944026, -51.670765871535629, 0.0 ], [ -69.242923398749994, -51.670729172176372, 0.0 ], [ -69.244570885087271, -51.67070761538406, 0.0 ], [ -69.244629908752145, -51.670742801966085, 0.0 ], [ -69.244655213296781, -51.671490047106246, 0.0 ], [ -69.244601249077903, -51.671515253271401, 0.0 ], [ -69.242936012511976, -51.671191216659182, 0.0 ] ] ] ] } },
{ "type": "Feature", "properties": { "fid": 371, "manzana": "85", "evev": null }, "geometry": { "type": "MultiPolygon", "coordinates": [ [ [ [ -69.245807729574537, -51.672220946261156, 0.0 ], [ -69.245080064153086, -51.67207935015923, 0.0 ], [ -69.245070189862631, -51.67178784944749, 0.0 ], [ -69.245120024298146, -51.671735027218823, 0.0 ], [ -69.245783824097231, -51.671515557824002, 0.0 ], [ -69.245807729574537, -51.672220946261156, 0.0 ] ] ] ] } },
{ "type": "Feature", "properties": { "fid": 372, "manzana": "84", "evev": null }, "geometry": { "type": "MultiPolygon", "coordinates": [ [ [ [ -69.245775291085366, -51.671263765250302, 0.0 ], [ -69.245111438553906, -51.671483253238009, 0.0 ], [ -69.245059169342426, -51.671464188723874, 0.0 ], [ -69.24503455457392, -51.670737503577328, 0.0 ], [ -69.245091143589477, -51.670700803175897, 0.0 ], [ -69.245755918103654, -51.670692095334644, 0.0 ], [ -69.245775291085366, -51.671263765250302, 0.0 ] ] ] ] } },
{ "type": "Feature", "properties": { "fid": 373, "manzana": "4", "evev": null }, "geometry": { "type": "MultiPolygon", "coordinates": [ [ [ [ -69.24625543822755, -51.671105785106356, 0.0 ], [ -69.246203148456459, -51.671086697087439, 0.0 ], [ -69.246124314998298, -51.668760970974105, 0.0 ], [ -69.246150203343845, -51.668756782894995, 0.0 ], [ -69.247710679029353, -51.670584787634432, 0.0 ], [ -69.247686717621761, -51.670633398536737, 0.0 ], [ -69.24625543822755, -51.671105785106356, 0.0 ] ] ] ] } },
{ "type": "Feature", "properties": { "fid": 374, "manzana": "3", "evev": null }, "geometry": { "type": "MultiPolygon", "coordinates": [ [ [ [ -69.246122708271756, -51.668341161874501, 0.0 ], [ -69.246146670153422, -51.668292551271563, 0.0 ], [ -69.247576565428574, -51.667820593922265, 0.0 ], [ -69.247654739690645, -51.667835492934174, 0.0 ], [ -69.24949811318497, -51.669994814567595, 0.0 ], [ -69.249474154001007, -51.670043425836447, 0.0 ], [ -69.248044208618211, -51.670515406172484, 0.0 ], [ -69.247966029613238, -51.670500507432877, 0.0 ], [ -69.246122708271756, -51.668341161874501, 0.0 ] ] ] ] } },
{ "type": "Feature", "properties": { "fid": 375, "manzana": "2", "evev": null }, "geometry": { "type": "MultiPolygon", "coordinates": [ [ [ [ -69.247910074939057, -51.667751212834879, 0.0 ], [ -69.247934034597407, -51.667702601865372, 0.0 ], [ -69.249363892672932, -51.667230622759931, 0.0 ], [ -69.249442066501118, -51.66724552058438, 0.0 ], [ -69.251285500833163, -51.669404814304528, 0.0 ], [ -69.251261543872658, -51.669453425939885, 0.0 ], [ -69.249831635695941, -51.669925428032769, 0.0 ], [ -69.249753457124982, -51.669910530480749, 0.0 ], [ -69.247910074939057, -51.667751212834879, 0.0 ] ] ] ] } },
{ "type": "Feature", "properties": { "fid": 376, "manzana": "1", "evev": null }, "geometry": { "type": "MultiPolygon", "coordinates": [ [ [ [ -69.249697395106708, -51.667161236600229, 0.0 ], [ -69.249721352541854, -51.667112625264181, 0.0 ], [ -69.251151173417455, -51.666640624403982, 0.0 ], [ -69.251229346811584, -51.666655521040994, 0.0 ], [ -69.253072841973434, -51.668814786846966, 0.0 ], [ -69.253048887236304, -51.668863398848799, 0.0 ], [ -69.251619016266034, -51.669335422697188, 0.0 ], [ -69.251540838129202, -51.669320526332676, 0.0 ], [ -69.249697395106708, -51.667161236600229, 0.0 ] ] ] ] } },
{ "type": "Feature", "properties": { "fid": 377, "manzana": "Frac.3e", "evev": null }, "geometry": { "type": "MultiPolygon", "coordinates": [ [ [ [ -69.245892433151369, -51.662348552383207, 0.0 ], [ -69.247179345425664, -51.661923737675075, 0.0 ], [ -69.251051990078992, -51.666460537728661, 0.0 ], [ -69.246087318406111, -51.668099319120977, 0.0 ], [ -69.245892433151369, -51.662348552383207, 0.0 ] ] ] ] } },
{ "type": "Feature", "properties": { "fid": 378, "manzana": "Frac.3f", "evev": null }, "geometry": { "type": "MultiPolygon", "coordinates": [ [ [ [ -69.245824242586693, -51.660335990216474, 0.0 ], [ -69.247179345425664, -51.661923737675075, 0.0 ], [ -69.245892433151383, -51.662348552383207, 0.0 ], [ -69.245824242586693, -51.660335990216474, 0.0 ] ] ] ] } },
{ "type": "Feature", "properties": { "fid": 379, "manzana": "8", "evev": null }, "geometry": { "type": "MultiPolygon", "coordinates": [ [ [ [ -69.254035187533802, -51.672241870625228, 0.0 ], [ -69.254059142983905, -51.672193258449411, 0.0 ], [ -69.255489078363624, -51.671721205040122, 0.0 ], [ -69.255567261921698, -51.67173609876334, 0.0 ], [ -69.257985760733234, -51.674568084763919, 0.0 ], [ -69.2579577089585, -51.674589070427551, 0.0 ], [ -69.255655936124484, -51.67413983572731, 0.0 ], [ -69.254035187533802, -51.672241870625228, 0.0 ] ] ] ] } },
{ "type": "Feature", "properties": { "fid": 380, "manzana": "7", "evev": null }, "geometry": { "type": "MultiPolygon", "coordinates": [ [ [ [ -69.251002020008798, -51.673231370420034, 0.0 ], [ -69.250997925083041, -51.673203742875735, 0.0 ], [ -69.253701654487102, -51.672311269082236, 0.0 ], [ -69.253779838479716, -51.672326163993056, 0.0 ], [ -69.255236000744688, -51.674031411043799, 0.0 ], [ -69.255207948027504, -51.674052396054016, 0.0 ], [ -69.251002020008798, -51.673231370420034, 0.0 ] ] ] ] } },
{ "type": "Feature", "properties": { "fid": 381, "manzana": "5", "evev": null }, "geometry": { "type": "MultiPolygon", "coordinates": [ [ [ [ -69.246285481298244, -51.672030177066873, 0.0 ], [ -69.246233335757992, -51.671977209257662, 0.0 ], [ -69.24621922997521, -51.671561099427905, 0.0 ], [ -69.246269083342838, -51.671508300724554, 0.0 ], [ -69.247957807940878, -51.670950947466416, 0.0 ], [ -69.248035987719092, -51.670965846209313, 0.0 ], [ -69.249736675163561, -51.67295787009423, 0.0 ], [ -69.249708620561975, -51.672978853797453, 0.0 ], [ -69.248301714920885, -51.672704157427908, 0.0 ], [ -69.246285481298244, -51.672030177066873, 0.0 ] ] ] ] } },
{ "type": "Feature", "properties": { "fid": 382, "manzana": "6", "evev": null }, "geometry": { "type": "MultiPolygon", "coordinates": [ [ [ [ -69.248291339837024, -51.670881565304057, 0.0 ], [ -69.248315300727029, -51.67083295428116, 0.0 ], [ -69.249745253268173, -51.670360970661072, 0.0 ], [ -69.249823432612374, -51.670375868216396, 0.0 ], [ -69.251802576925641, -51.672693924474487, 0.0 ], [ -69.251778618796067, -51.67274253618956, 0.0 ], [ -69.250559425029323, -51.673144962385315, 0.0 ], [ -69.250156587543444, -51.673066314487805, 0.0 ], [ -69.248291339837024, -51.670881565304057, 0.0 ] ] ] ] } },
{ "type": "Feature", "properties": { "fid": 383, "manzana": "Frac.3d", "evev": null }, "geometry": { "type": "MultiPolygon", "coordinates": [ [ [ [ -69.255404572563194, -51.671545580093479, 0.0 ], [ -69.252085044829144, -51.672641389299358, 0.0 ], [ -69.250051667797294, -51.670259829049371, 0.0 ], [ -69.253371070921546, -51.669164077029066, 0.0 ], [ -69.255404572563194, -51.671545580093479, 0.0 ] ] ] ] } },
{ "type": "Feature", "properties": { "fid": 384, "manzana": "17", "evev": null }, "geometry": { "type": "MultiPolygon", "coordinates": [ [ [ [ -69.242652932681509, -51.662731787044379, 0.0 ], [ -69.242593920974883, -51.66269659940528, 0.0 ], [ -69.242559893096356, -51.661690182627467, 0.0 ], [ -69.242616472869145, -51.661653483373406, 0.0 ], [ -69.245390631688437, -51.661617171806384, 0.0 ], [ -69.245449644151563, -51.661652358045778, 0.0 ], [ -69.245483736016297, -51.662658773908753, 0.0 ], [ -69.245427157315319, -51.662695474536292, 0.0 ], [ -69.242652932681509, -51.662731787044379, 0.0 ] ] ] ] } },
{ "type": "Feature", "properties": { "fid": 385, "manzana": "Frac. D", "evev": null }, "geometry": { "type": "MultiPolygon", "coordinates": [ [ [ [ -69.242500955720459, -51.659946924575486, 0.0 ], [ -69.245390595920426, -51.659909101453323, 0.0 ], [ -69.2454426433398, -51.661445683336702, 0.0 ], [ -69.24538606611307, -51.661482383950137, 0.0 ], [ -69.242611915520357, -51.661518695399657, 0.0 ], [ -69.242552905424347, -51.661483507730573, 0.0 ], [ -69.242500955720459, -51.659946924575486, 0.0 ] ] ] ] } },
{ "type": "Feature", "properties": { "fid": 386, "manzana": "Frac. 50", "evev": null }, "geometry": { "type": "MultiPolygon", "coordinates": [ [ [ [ -69.242500955720459, -51.659946924575486, 0.0 ], [ -69.245390595920426, -51.659909101453323, 0.0 ], [ -69.2454426433398, -51.661445683336702, 0.0 ], [ -69.24538606611307, -51.661482383950137, 0.0 ], [ -69.242611915520357, -51.661518695399657, 0.0 ], [ -69.242552905424347, -51.661483507730573, 0.0 ], [ -69.242500955720459, -51.659946924575486, 0.0 ] ] ] ] } },
{ "type": "Feature", "properties": { "fid": 387, "manzana": "15", "evev": null }, "geometry": { "type": "MultiPolygon", "coordinates": [ [ [ [ -69.242154198526791, -51.659951458539204, 0.0 ], [ -69.242213206320713, -51.659986646420734, 0.0 ], [ -69.242263931355168, -51.661487286259998, 0.0 ], [ -69.242207351503652, -51.661523985345433, 0.0 ], [ -69.23921978766775, -51.661563006568841, 0.0 ], [ -69.23916078013589, -51.661527817192649, 0.0 ], [ -69.2391101575476, -51.66002717589334, 0.0 ], [ -69.239166738045952, -51.659990478289721, 0.0 ], [ -69.242154198526791, -51.659951458539204, 0.0 ] ] ] ] } },
{ "type": "Feature", "properties": { "fid": 388, "manzana": null, "evev": null }, "geometry": { "type": "MultiPolygon", "coordinates": [ [ [ [ -69.242205867160337, -51.65977976725803, 0.0 ], [ -69.242149296437987, -51.659816675033717, 0.0 ], [ -69.239161844815143, -51.659855694649139, 0.0 ], [ -69.239102839549957, -51.659820505230556, 0.0 ], [ -69.239065861541334, -51.65872426315476, 0.0 ], [ -69.239122440456455, -51.658687565566225, 0.0 ], [ -69.242109815198404, -51.658648546978021, 0.0 ], [ -69.242168821374349, -51.658683734958736, 0.0 ], [ -69.242205867160337, -51.65977976725803, 0.0 ] ] ] ] } },
{ "type": "Feature", "properties": { "fid": 389, "manzana": "Frac. F", "evev": null }, "geometry": { "type": "MultiPolygon", "coordinates": [ [ [ [ -69.244373283265418, -51.65861895415258, 0.0 ], [ -69.245374631242655, -51.659774484160913, 0.0 ], [ -69.242500236147038, -51.659812107509119, 0.0 ], [ -69.242461961089532, -51.65867992319572, 0.0 ], [ -69.242518537200951, -51.658643223974686, 0.0 ], [ -69.244373283265418, -51.65861895415258, 0.0 ] ] ] ] } },
{ "type": "Feature", "properties": { "fid": 390, "manzana": "Fracc. 906", "evev": null }, "geometry": { "type": "MultiPolygon", "coordinates": [ [ [ [ -69.244373283265418, -51.65861895415258, 0.0 ], [ -69.245374631242655, -51.659774484160913, 0.0 ], [ -69.242500236147038, -51.659812107509119, 0.0 ], [ -69.242461961089532, -51.65867992319572, 0.0 ], [ -69.242518537200951, -51.658643223974686, 0.0 ], [ -69.244373283265418, -51.65861895415258, 0.0 ] ] ] ] } },
{ "type": "Feature", "properties": { "fid": 391, "manzana": "13", "evev": null }, "geometry": { "type": "MultiPolygon", "coordinates": [ [ [ [ -69.242404920776352, -51.656333171491141, 0.0 ], [ -69.242431190637632, -51.656328866187266, 0.0 ], [ -69.244251970654204, -51.658430422064725, 0.0 ], [ -69.244221548815119, -51.658462883264754, 0.0 ], [ -69.242535605802345, -51.658484943358651, 0.0 ], [ -69.242476566900493, -51.658449736060085, 0.0 ], [ -69.242404920776352, -51.656333171491141, 0.0 ] ] ] ] } },
{ "type": "Feature", "properties": { "fid": 392, "manzana": "12", "evev": null }, "geometry": { "type": "MultiPolygon", "coordinates": [ [ [ [ -69.242031789607069, -51.656333840568543, 0.0 ], [ -69.242090792598873, -51.656369028538954, 0.0 ], [ -69.24216125239046, -51.658453819422853, 0.0 ], [ -69.242104806629129, -51.658490448335513, 0.0 ], [ -69.239059662812508, -51.658530220632002, 0.0 ], [ -69.238986922957707, -51.65637360907138, 0.0 ], [ -69.242031789607069, -51.656333840568543, 0.0 ] ] ] ] } },
{ "type": "Feature", "properties": { "fid": 393, "manzana": "Mz. 11", "evev": null }, "geometry": { "type": "MultiPolygon", "coordinates": [ [ [ [ -69.242076979316394, -51.655958389422956, 0.0 ], [ -69.242084146089624, -51.656170456067841, 0.0 ], [ -69.242027541238755, -51.656207175499063, 0.0 ], [ -69.239040471285222, -51.656246189855146, 0.0 ], [ -69.23898143800028, -51.656210980779704, 0.0 ], [ -69.238837823383903, -51.651952389287423, 0.0 ], [ -69.242076979316394, -51.655958389422956, 0.0 ] ] ] ] } },
{ "type": "Feature", "properties": { "fid": 394, "manzana": "18", "evev": null }, "geometry": { "type": "MultiPolygon", "coordinates": [ [ [ [ -69.243567785956458, -51.662854667130155, 0.0 ], [ -69.245431723146709, -51.662830262362647, 0.0 ], [ -69.245490737220635, -51.662865448571935, 0.0 ], [ -69.245524830997383, -51.663871864211721, 0.0 ], [ -69.245468250821901, -51.663908564853465, 0.0 ], [ -69.24360426940946, -51.663932970253541, 0.0 ], [ -69.243567785956458, -51.662854667130155, 0.0 ] ] ] ] } },
{ "type": "Feature", "properties": { "fid": 395, "manzana": "27", "evev": null }, "geometry": { "type": "MultiPolygon", "coordinates": [ [ [ [ -69.242602428191773, -51.662948203570807, 0.0 ], [ -69.242659009493465, -51.662911504302187, 0.0 ], [ -69.243265873929531, -51.662903566505314, 0.0 ], [ -69.243324886424929, -51.662938753804575, 0.0 ], [ -69.243357411423489, -51.663900213698298, 0.0 ], [ -69.243300786753167, -51.663936940996919, 0.0 ], [ -69.242693907601691, -51.663944851862375, 0.0 ], [ -69.242634938824423, -51.663909690811018, 0.0 ], [ -69.242602428191773, -51.662948203570807, 0.0 ] ] ] ] } },
{ "type": "Feature", "properties": { "fid": 396, "manzana": "26", "evev": null }, "geometry": { "type": "MultiPolygon", "coordinates": [ [ [ [ -69.242345950246857, -51.66391349668892, 0.0 ], [ -69.242289367446304, -51.663950195802435, 0.0 ], [ -69.241501869248808, -51.663960461780079, 0.0 ], [ -69.241442856832535, -51.663925273570975, 0.0 ], [ -69.2414103714177, -51.662963785971066, 0.0 ], [ -69.241466953703863, -51.662927087275499, 0.0 ], [ -69.242248178721127, -51.662917024658555, 0.0 ], [ -69.242313444809895, -51.662951982233061, 0.0 ], [ -69.242345950246857, -51.66391349668892, 0.0 ] ] ] ] } },
{ "type": "Feature", "properties": { "fid": 397, "manzana": "25", "evev": null }, "geometry": { "type": "MultiPolygon", "coordinates": [ [ [ [ -69.240218313785732, -51.66297935627415, 0.0 ], [ -69.240274897056196, -51.662942658151678, 0.0 ], [ -69.241056122631619, -51.662932603462707, 0.0 ], [ -69.241121387827675, -51.662967561700555, 0.0 ], [ -69.241153868045927, -51.663929076516204, 0.0 ], [ -69.241097284261031, -51.663965775056546, 0.0 ], [ -69.240309785497601, -51.663976033042537, 0.0 ], [ -69.240250773982538, -51.663940844233537, 0.0 ], [ -69.240218313785732, -51.66297935627415, 0.0 ] ] ] ] } },
{ "type": "Feature", "properties": { "fid": 398, "manzana": "24", "evev": null }, "geometry": { "type": "MultiPolygon", "coordinates": [ [ [ [ -69.239210193589869, -51.662992514591068, 0.0 ], [ -69.239266777599141, -51.662955817013703, 0.0 ], [ -69.239873643371126, -51.662947896681636, 0.0 ], [ -69.239932653302262, -51.662983085688161, 0.0 ], [ -69.239965151078877, -51.66394457316413, 0.0 ], [ -69.239908522689461, -51.663981271702504, 0.0 ], [ -69.239301643212698, -51.663989192170526, 0.0 ], [ -69.239242633375028, -51.663954029982371, 0.0 ], [ -69.239210193589869, -51.662992514591068, 0.0 ] ] ] ] } },
{ "type": "Feature", "properties": { "fid": 399, "manzana": "23", "evev": null }, "geometry": { "type": "MultiPolygon", "coordinates": [ [ [ [ -69.239924203570681, -51.662731453614064, 0.0 ], [ -69.239867576657133, -51.66276815213844, 0.0 ], [ -69.23926071337867, -51.662776072375948, 0.0 ], [ -69.239201705151558, -51.662740910157801, 0.0 ], [ -69.239167752383835, -51.661734492309378, 0.0 ], [ -69.239224334863891, -51.661697794746431, 0.0 ], [ -69.239831183839172, -51.661689874653547, 0.0 ], [ -69.23989019210012, -51.661725063691129, 0.0 ], [ -69.239924203570681, -51.662731453614064, 0.0 ] ] ] ] } },
{ "type": "Feature", "properties": { "fid": 400, "manzana": "20", "evev": null }, "geometry": { "type": "MultiPolygon", "coordinates": [ [ [ [ -69.24111288880988, -51.662715957418214, 0.0 ], [ -69.24105630649963, -51.662752655944594, 0.0 ], [ -69.240268828755376, -51.662762913631099, 0.0 ], [ -69.240209818850957, -51.662727724792084, 0.0 ], [ -69.24017584467714, -51.661721334389711, 0.0 ], [ -69.240232426418416, -51.661684636281763, 0.0 ], [ -69.241013630371157, -51.661674581900847, 0.0 ], [ -69.241078893724051, -51.661709540172296, 0.0 ], [ -69.24111288880988, -51.662715957418214, 0.0 ] ] ] ] } },
{ "type": "Feature", "properties": { "fid": 401, "manzana": "19", "evev": null }, "geometry": { "type": "MultiPolygon", "coordinates": [ [ [ [ -69.242304939193218, -51.66270037804486, 0.0 ], [ -69.24224835786724, -51.662737077144307, 0.0 ], [ -69.241460880688862, -51.66274734282203, 0.0 ], [ -69.241401869883163, -51.662712154583005, 0.0 ], [ -69.241367869315809, -51.661705764556785, 0.0 ], [ -69.241424450072728, -51.661669065875799, 0.0 ], [ -69.242205653467352, -51.661659003567443, 0.0 ], [ -69.242270917712872, -51.661693961175374, 0.0 ], [ -69.242304939193218, -51.66270037804486, 0.0 ] ] ] ] } },
{ "type": "Feature", "properties": { "fid": 402, "manzana": "22", "evev": null }, "geometry": { "type": "MultiPolygon", "coordinates": [ [ [ [ -69.243649875364639, -51.665280821730647, 0.0 ], [ -69.245513912057703, -51.665256415539851, 0.0 ], [ -69.245572929353571, -51.665291601689162, 0.0 ], [ -69.245607026954445, -51.666298016882486, 0.0 ], [ -69.245550443830155, -51.666334717552481, 0.0 ], [ -69.24368636290879, -51.666359124375866, 0.0 ], [ -69.243649875364639, -51.665280821730647, 0.0 ] ] ] ] } },
{ "type": "Feature", "properties": { "fid": 403, "manzana": "34", "evev": null }, "geometry": { "type": "MultiPolygon", "coordinates": [ [ [ [ -69.242682947167211, -51.665329436955048, 0.0 ], [ -69.24273884162173, -51.665293185010988, 0.0 ], [ -69.243345737860324, -51.665285246763567, 0.0 ], [ -69.243404753517794, -51.665320434004236, 0.0 ], [ -69.243439491672618, -51.666326368023945, 0.0 ], [ -69.24338286405083, -51.666363095350732, 0.0 ], [ -69.24277595539003, -51.666371006641313, 0.0 ], [ -69.242718925096995, -51.666334593379638, 0.0 ], [ -69.242682947167211, -51.665329436955048, 0.0 ] ] ] ] } },
{ "type": "Feature", "properties": { "fid": 404, "manzana": "33", "evev": null }, "geometry": { "type": "MultiPolygon", "coordinates": [ [ [ [ -69.242427976499386, -51.666339651785513, 0.0 ], [ -69.242371390749099, -51.666376350927287, 0.0 ], [ -69.241583850510793, -51.666386617504742, 0.0 ], [ -69.241524834872834, -51.666351429355686, 0.0 ], [ -69.241490138180552, -51.665345467591408, 0.0 ], [ -69.241546723362362, -51.665308768868627, 0.0 ], [ -69.242334934404738, -51.665298047836465, 0.0 ], [ -69.242393933089375, -51.665333225921671, 0.0 ], [ -69.242427976499386, -51.666339651785513, 0.0 ] ] ] ] } },
{ "type": "Feature", "properties": { "fid": 405, "manzana": "32", "evev": null }, "geometry": { "type": "MultiPolygon", "coordinates": [ [ [ [ -69.241235830638388, -51.666355232520722, 0.0 ], [ -69.24117924390346, -51.666391931089443, 0.0 ], [ -69.240391703099121, -51.666402189674621, 0.0 ], [ -69.240332688362443, -51.666367000925433, 0.0 ], [ -69.240298018058141, -51.665361038777995, 0.0 ], [ -69.240354604224336, -51.665324340628345, 0.0 ], [ -69.241142815844881, -51.665313627595225, 0.0 ], [ -69.24120181362855, -51.665348806280285, 0.0 ], [ -69.241235830638388, -51.666355232520722, 0.0 ] ] ] ] } },
{ "type": "Feature", "properties": { "fid": 406, "manzana": "31", "evev": null }, "geometry": { "type": "MultiPolygon", "coordinates": [ [ [ [ -69.240047050122698, -51.666370730008246, 0.0 ], [ -69.239990418781332, -51.66640742857458, 0.0 ], [ -69.239383506905952, -51.666415349503914, 0.0 ], [ -69.239324493847064, -51.666380187375573, 0.0 ], [ -69.239290535372433, -51.665373770196176, 0.0 ], [ -69.239347122276627, -51.665337072591264, 0.0 ], [ -69.239954019845669, -51.665329151806617, 0.0 ], [ -69.240013032938535, -51.665364340754287, 0.0 ], [ -69.240047050122698, -51.666370730008246, 0.0 ] ] ] ] } },
{ "type": "Feature", "properties": { "fid": 407, "manzana": "30", "evev": null }, "geometry": { "type": "MultiPolygon", "coordinates": [ [ [ [ -69.241193329904306, -51.665097211771347, 0.0 ], [ -69.241136744699276, -51.665133910325231, 0.0 ], [ -69.239283235014824, -51.665158104762504, 0.0 ], [ -69.239249127036615, -51.664147199382647, 0.0 ], [ -69.241102595326083, -51.664123000573198, 0.0 ], [ -69.241161607736714, -51.664158188952065, 0.0 ], [ -69.241193329904306, -51.665097211771347, 0.0 ] ] ] ] } },
{ "type": "Feature", "properties": { "fid": 408, "manzana": "29", "evev": null }, "geometry": { "type": "MultiPolygon", "coordinates": [ [ [ [ -69.241450598896321, -51.664154413114197, 0.0 ], [ -69.241507182629618, -51.66411771440486, 0.0 ], [ -69.242294953221034, -51.66410756618675, 0.0 ], [ -69.242353695946022, -51.664142609038755, 0.0 ], [ -69.242385443661988, -51.665081658635216, 0.0 ], [ -69.242328859441415, -51.665118357762246, 0.0 ], [ -69.241541341002673, -51.665128624028696, 0.0 ], [ -69.241482327035243, -51.665093435848526, 0.0 ], [ -69.241450598896321, -51.664154413114197, 0.0 ] ] ] ] } },
{ "type": "Feature", "properties": { "fid": 409, "manzana": "28", "evev": null }, "geometry": { "type": "MultiPolygon", "coordinates": [ [ [ [ -69.242642685981309, -51.664138803140389, 0.0 ], [ -69.242699268730362, -51.664102103857964, 0.0 ], [ -69.243306149063926, -51.664094165834044, 0.0 ], [ -69.243365163140126, -51.66412935310381, 0.0 ], [ -69.243396930836525, -51.6650683752733, 0.0 ], [ -69.24334034745128, -51.665105074886611, 0.0 ], [ -69.242733453618797, -51.665113013103301, 0.0 ], [ -69.242674438750328, -51.665077825523234, 0.0 ], [ -69.242642685981309, -51.664138803140389, 0.0 ] ] ] ] } },
{ "type": "Feature", "properties": { "fid": 410, "manzana": "21", "evev": null }, "geometry": { "type": "MultiPolygon", "coordinates": [ [ [ [ -69.243609589146971, -51.664090195646374, 0.0 ], [ -69.245473577007743, -51.664065790154076, 0.0 ], [ -69.245532592722398, -51.664100976332868, 0.0 ], [ -69.245564405201193, -51.665039997861911, 0.0 ], [ -69.245507823605934, -51.665076698517133, 0.0 ], [ -69.243643794284083, -51.665101104602478, 0.0 ], [ -69.243609589146971, -51.664090195646374, 0.0 ] ] ] ] } },
{ "type": "Feature", "properties": { "fid": 411, "manzana": "81", "evev": null }, "geometry": { "type": "MultiPolygon", "coordinates": [ [ [ [ -69.2401866483427, -51.670504225691552, 0.0 ], [ -69.240130011971218, -51.67054092430579, 0.0 ], [ -69.239523044887051, -51.670548846021291, 0.0 ], [ -69.239464026338581, -51.670513683994926, 0.0 ], [ -69.23942923469717, -51.669461883558277, 0.0 ], [ -69.239485826571638, -51.669425185905844, 0.0 ], [ -69.24009277873968, -51.669417264340076, 0.0 ], [ -69.2401517972623, -51.669452453186473, 0.0 ], [ -69.2401866483427, -51.670504225691552, 0.0 ] ] ] ] } },
{ "type": "Feature", "properties": { "fid": 412, "manzana": "80", "evev": null }, "geometry": { "type": "MultiPolygon", "coordinates": [ [ [ [ -69.240436808021556, -51.669449150842873, 0.0 ], [ -69.240493399158026, -51.669412452645659, 0.0 ], [ -69.241281681687596, -51.669401738597273, 0.0 ], [ -69.24134068489974, -51.669436917180995, 0.0 ], [ -69.241375536979547, -51.6704887266744, 0.0 ], [ -69.2413189452366, -51.67052542527933, 0.0 ], [ -69.240531332792386, -51.670535684885778, 0.0 ], [ -69.240472312565956, -51.670500496238652, 0.0 ], [ -69.240436808021556, -51.669449150842873, 0.0 ] ] ] ] } },
{ "type": "Feature", "properties": { "fid": 413, "manzana": "79", "evev": null }, "geometry": { "type": "MultiPolygon", "coordinates": [ [ [ [ -69.241629035391867, -51.669433578120085, 0.0 ], [ -69.241685625543539, -51.669396879349648, 0.0 ], [ -69.242473907494841, -51.669386157301041, 0.0 ], [ -69.242532911608194, -51.669421335284831, 0.0 ], [ -69.242567791285651, -51.670473144391522, 0.0 ], [ -69.242511200527403, -51.670509843569782, 0.0 ], [ -69.241723588649464, -51.670520111169665, 0.0 ], [ -69.24166456752134, -51.670484923122665, 0.0 ], [ -69.241629035391867, -51.669433578120085, 0.0 ] ] ] ] } },
{ "type": "Feature", "properties": { "fid": 414, "manzana": "78", "evev": null }, "geometry": { "type": "MultiPolygon", "coordinates": [ [ [ [ -69.242821261883108, -51.669417993297714, 0.0 ], [ -69.24287785105021, -51.669381293953961, 0.0 ], [ -69.243484801887263, -51.66937335492284, 0.0 ], [ -69.24354382297517, -51.669408542061994, 0.0 ], [ -69.24357939848997, -51.670459859304145, 0.0 ], [ -69.243522765838861, -51.670496586678944, 0.0 ], [ -69.242915799080464, -51.670504498795971, 0.0 ], [ -69.242856828736038, -51.670469342162434, 0.0 ], [ -69.242821261883108, -51.669417993297714, 0.0 ] ] ] ] } },
{ "type": "Feature", "properties": { "fid": 415, "manzana": "77", "evev": null }, "geometry": { "type": "MultiPolygon", "coordinates": [ [ [ [ -69.243789538220611, -51.669405354186758, 0.0 ], [ -69.243846126588011, -51.6693686543775, 0.0 ], [ -69.24452528943695, -51.669359764987576, 0.0 ], [ -69.244584311311343, -51.669394951602939, 0.0 ], [ -69.244619910899971, -51.670446268500967, 0.0 ], [ -69.244563279108945, -51.670482996376379, 0.0 ], [ -69.243884098553096, -51.670491858877959, 0.0 ], [ -69.243825127477152, -51.6704567027314, 0.0 ], [ -69.243789538220611, -51.669405354186758, 0.0 ] ] ] ] } },
{ "type": "Feature", "properties": { "fid": 416, "manzana": "76", "evev": null }, "geometry": { "type": "MultiPolygon", "coordinates": [ [ [ [ -69.244988944211642, -51.669389626257555, 0.0 ], [ -69.245045531588332, -51.669352925871785, 0.0 ], [ -69.245652481629293, -51.66934497564089, 0.0 ], [ -69.245711504355825, -51.669380161688835, 0.0 ], [ -69.2457471300241, -51.670431478213565, 0.0 ], [ -69.245690499164922, -51.670468206631426, 0.0 ], [ -69.245083533201424, -51.670476129948689, 0.0 ], [ -69.245024561219481, -51.670440974405324, 0.0 ], [ -69.244988944211642, -51.669389626257555, 0.0 ] ] ] ] } },
{ "type": "Feature", "properties": { "fid": 417, "manzana": "75", "evev": null }, "geometry": { "type": "MultiPolygon", "coordinates": [ [ [ [ -69.244937162834333, -51.667862032779276, 0.0 ], [ -69.244993748353878, -51.667825332411184, 0.0 ], [ -69.245600677991646, -51.667817382472656, 0.0 ], [ -69.245659698688996, -51.667852568558395, 0.0 ], [ -69.245702934044743, -51.669128531493051, 0.0 ], [ -69.245646304770872, -51.669165259895593, 0.0 ], [ -69.245039356211365, -51.669173182963512, 0.0 ], [ -69.244980385958797, -51.669138027387966, 0.0 ], [ -69.244937162834333, -51.667862032779276, 0.0 ] ] ] ] } },
{ "type": "Feature", "properties": { "fid": 418, "manzana": "74", "evev": null }, "geometry": { "type": "MultiPolygon", "coordinates": [ [ [ [ -69.244575747242123, -51.669143321317421, 0.0 ], [ -69.244519117036475, -51.669180049177754, 0.0 ], [ -69.243839955955309, -51.669188911400624, 0.0 ], [ -69.243780986608613, -51.669153755221743, 0.0 ], [ -69.243737797162453, -51.66787776013139, 0.0 ], [ -69.243794383672594, -51.667841060340024, 0.0 ], [ -69.244473523690843, -51.667832171276693, 0.0 ], [ -69.244532543536138, -51.667867357929936, 0.0 ], [ -69.244575747242123, -51.669143321317421, 0.0 ] ] ] ] } },
{ "type": "Feature", "properties": { "fid": 419, "manzana": "73", "evev": null }, "geometry": { "type": "MultiPolygon", "coordinates": [ [ [ [ -69.242769553374586, -51.667890398777018, 0.0 ], [ -69.242826140684386, -51.667853699451079, 0.0 ], [ -69.243433071118233, -51.667845760711636, 0.0 ], [ -69.243492090176872, -51.667880947888584, 0.0 ], [ -69.243535264667528, -51.669156911693698, 0.0 ], [ -69.243478633601853, -51.669193639053447, 0.0 ], [ -69.242871684247547, -51.669201550921635, 0.0 ], [ -69.24281271563234, -51.669166394255811, 0.0 ], [ -69.242769553374586, -51.667890398777018, 0.0 ] ] ] ] } },
{ "type": "Feature", "properties": { "fid": 420, "manzana": "72", "evev": null }, "geometry": { "type": "MultiPolygon", "coordinates": [ [ [ [ -69.242523686472779, -51.669170196364462, 0.0 ], [ -69.242467097295844, -51.669206895529626, 0.0 ], [ -69.241679508001738, -51.669217162807044, 0.0 ], [ -69.241620488604369, -51.669181974727827, 0.0 ], [ -69.241577366961366, -51.667905983027147, 0.0 ], [ -69.241633955255637, -51.66786928427441, 0.0 ], [ -69.242422210708526, -51.667858562604053, 0.0 ], [ -69.242481212793294, -51.667893740625658, 0.0 ], [ -69.242523686472779, -51.669170196364462, 0.0 ] ] ] ] } },
{ "type": "Feature", "properties": { "fid": 421, "manzana": "71", "evev": null }, "geometry": { "type": "MultiPolygon", "coordinates": [ [ [ [ -69.240385179669218, -51.667921555178175, 0.0 ], [ -69.240441768948017, -51.667884856998626, 0.0 ], [ -69.241230024979231, -51.667874143328028, 0.0 ], [ -69.241289026162889, -51.667909321949615, 0.0 ], [ -69.241331466353202, -51.669185778159196, 0.0 ], [ -69.241274876191568, -51.669222476751109, 0.0 ], [ -69.24048728633133, -51.669232736035319, 0.0 ], [ -69.240428267835384, -51.66919754735612, 0.0 ], [ -69.240385179669218, -51.667921555178175, 0.0 ] ] ] ] } },
{ "type": "Feature", "properties": { "fid": 422, "manzana": "70", "evev": null }, "geometry": { "type": "MultiPolygon", "coordinates": [ [ [ [ -69.240142611803421, -51.669201276692199, 0.0 ], [ -69.240085977017571, -51.669237975291281, 0.0 ], [ -69.239479027337623, -51.669245896758767, 0.0 ], [ -69.239420010519666, -51.669210734700293, 0.0 ], [ -69.239377640216176, -51.66793428741083, 0.0 ], [ -69.239434230233073, -51.667897589776118, 0.0 ], [ -69.240041161997624, -51.667889668500955, 0.0 ], [ -69.240100178491318, -51.667924857385167, 0.0 ], [ -69.240142611803421, -51.669201276692199, 0.0 ] ] ] ] } },
{ "type": "Feature", "properties": { "fid": 423, "manzana": "69", "evev": null }, "geometry": { "type": "MultiPolygon", "coordinates": [ [ [ [ -69.239427475077377, -51.667718300009426, 0.0 ], [ -69.239368460287977, -51.667683137913151, 0.0 ], [ -69.239333673244289, -51.666631336933349, 0.0 ], [ -69.239390261676888, -51.666594639313558, 0.0 ], [ -69.239997176039992, -51.666586718286197, 0.0 ], [ -69.240056190803458, -51.666621907202483, 0.0 ], [ -69.240091037280791, -51.6676736802509, 0.0 ], [ -69.240034404353963, -51.667710378832403, 0.0 ], [ -69.239427475077377, -51.667718300009426, 0.0 ] ] ] ] } },
{ "type": "Feature", "properties": { "fid": 424, "manzana": "68", "evev": null }, "geometry": { "type": "MultiPolygon", "coordinates": [ [ [ [ -69.240435700177301, -51.667705139768479, 0.0 ], [ -69.240376683710338, -51.667669951051536, 0.0 ], [ -69.24034118380942, -51.666618605112042, 0.0 ], [ -69.240397771504135, -51.666581906947549, 0.0 ], [ -69.241186004935386, -51.666571193598941, 0.0 ], [ -69.241245004389256, -51.666606372252637, 0.0 ], [ -69.241279851863084, -51.667658182289422, 0.0 ], [ -69.241223263561935, -51.667694880861596, 0.0 ], [ -69.240435700177301, -51.667705139768479, 0.0 ] ] ] ] } },
{ "type": "Feature", "properties": { "fid": 425, "manzana": "67", "evev": null }, "geometry": { "type": "MultiPolygon", "coordinates": [ [ [ [ -69.242472031905166, -51.667642601066355, 0.0 ], [ -69.242415444588616, -51.667679300211766, 0.0 ], [ -69.241627881770086, -51.667689567111459, 0.0 ], [ -69.241568864401714, -51.667654378994513, 0.0 ], [ -69.241533336920043, -51.666603033448126, 0.0 ], [ -69.241589923630144, -51.666566334710467, 0.0 ], [ -69.242378156483312, -51.666555613362483, 0.0 ], [ -69.242437156838207, -51.666590791416269, 0.0 ], [ -69.242472031905166, -51.667642601066355, 0.0 ] ] ] ] } },
{ "type": "Feature", "properties": { "fid": 426, "manzana": "66", "evev": null }, "geometry": { "type": "MultiPolygon", "coordinates": [ [ [ [ -69.242725489152008, -51.66658744968575, 0.0 ], [ -69.242782074877567, -51.666550750374938, 0.0 ], [ -69.243388987910166, -51.666542811884014, 0.0 ], [ -69.243448005238321, -51.666577999093199, 0.0 ], [ -69.243483576098043, -51.667629316879264, 0.0 ], [ -69.243426946891034, -51.667666044221171, 0.0 ], [ -69.242820017939863, -51.667673955797937, 0.0 ], [ -69.242761051351991, -51.667638799094355, 0.0 ], [ -69.242725489152008, -51.66658744968575, 0.0 ] ] ] ] } },
{ "type": "Feature", "properties": { "fid": 427, "manzana": "65", "evev": null }, "geometry": { "type": "MultiPolygon", "coordinates": [ [ [ [ -69.24452402369603, -51.667615727002968, 0.0 ], [ -69.244467395348991, -51.667652454845452, 0.0 ], [ -69.243788257098373, -51.667661316741921, 0.0 ], [ -69.243729289779111, -51.667626160525366, 0.0 ], [ -69.243693705179169, -51.666574811436675, 0.0 ], [ -69.243750290105154, -51.666538111660415, 0.0 ], [ -69.244429410651733, -51.666529222875511, 0.0 ], [ -69.244488428766417, -51.666564409560976, 0.0 ], [ -69.24452402369603, -51.667615727002968, 0.0 ] ] ] ] } },
{ "type": "Feature", "properties": { "fid": 428, "manzana": "64", "evev": null }, "geometry": { "type": "MultiPolygon", "coordinates": [ [ [ [ -69.245651172607538, -51.667600937720742, 0.0 ], [ -69.245594545192205, -51.667637666105577, 0.0 ], [ -69.244987617035719, -51.667645588881385, 0.0 ], [ -69.244928648810472, -51.667610433268045, 0.0 ], [ -69.244893036463807, -51.666559084576292, 0.0 ], [ -69.244949620399382, -51.66652238422342, 0.0 ], [ -69.245556532635902, -51.666514434533873, 0.0 ], [ -69.245615551602739, -51.666549620651914, 0.0 ], [ -69.245651172607538, -51.667600937720742, 0.0 ] ] ] ] } },
{ "type": "Feature", "properties": { "fid": 429, "manzana": "88", "evev": null }, "geometry": { "type": "MultiPolygon", "coordinates": [ [ [ [ -69.239480044393588, -51.670989589145755, 0.0 ], [ -69.239472779942119, -51.6707743447257, 0.0 ], [ -69.239803595601984, -51.670770027698403, 0.0 ], [ -69.240142949241502, -51.670836075013057, 0.0 ], [ -69.240199342442352, -51.670882757750732, 0.0 ], [ -69.240207731882393, -51.67113121670242, 0.0 ], [ -69.239480044393588, -51.670989589145755, 0.0 ] ] ] ] } },
{ "type": "Feature", "properties": { "fid": 430, "manzana": "87", "evev": null }, "geometry": { "type": "MultiPolygon", "coordinates": [ [ [ [ -69.242540986361405, -51.671302763858741, 0.0 ], [ -69.242597382604558, -51.6713494454374, 0.0 ], [ -69.242605785258704, -51.671597904180743, 0.0 ], [ -69.240495460763867, -51.671187214991996, 0.0 ], [ -69.24048706973835, -51.670938756065368, 0.0 ], [ -69.240541035563012, -51.670913551785759, 0.0 ], [ -69.242540986361405, -51.671302763858741, 0.0 ] ] ] ] } },
{ "type": "Feature", "properties": { "fid": 431, "manzana": "82", "evev": null }, "geometry": { "type": "MultiPolygon", "coordinates": [ [ [ [ -69.240765741473538, -51.670768829035538, 0.0 ], [ -69.24076535455977, -51.670757374455782, 0.0 ], [ -69.242518752731897, -51.67073446329281, 0.0 ], [ -69.242577774845216, -51.670769650907815, 0.0 ], [ -69.242588536010246, -51.671087856694008, 0.0 ], [ -69.242534571118284, -51.671113061912315, 0.0 ], [ -69.240765741473538, -51.670768829035538, 0.0 ] ] ] ] } },
{ "type": "Feature", "properties": { "fid": 432, "manzana": "86", "evev": null }, "geometry": { "type": "MultiPolygon", "coordinates": [ [ [ [ -69.244607671841479, -51.671704920387697, 0.0 ], [ -69.244664070706548, -51.671751600967468, 0.0 ], [ -69.24467248474906, -51.672000059531001, 0.0 ], [ -69.242896867485939, -51.671654547984097, 0.0 ], [ -69.2428884632278, -51.671406089265943, 0.0 ], [ -69.24290483265608, -51.671373567902435, 0.0 ], [ -69.244607671841479, -51.671704920387697, 0.0 ] ] ] ] } },
{ "type": "Feature", "properties": { "fid": 433, "manzana": "83", "evev": null }, "geometry": { "type": "MultiPolygon", "coordinates": [ [ [ [ -69.242936012511976, -51.671191216659182, 0.0 ], [ -69.242879616118287, -51.671144535241943, 0.0 ], [ -69.242866807944026, -51.670765871535629, 0.0 ], [ -69.242923398749994, -51.670729172176372, 0.0 ], [ -69.244570885087271, -51.67070761538406, 0.0 ], [ -69.244629908752145, -51.670742801966085, 0.0 ], [ -69.244655213296781, -51.671490047106246, 0.0 ], [ -69.244601249077903, -51.671515253271401, 0.0 ], [ -69.242936012511976, -51.671191216659182, 0.0 ] ] ] ] } },
{ "type": "Feature", "properties": { "fid": 434, "manzana": "85", "evev": null }, "geometry": { "type": "MultiPolygon", "coordinates": [ [ [ [ -69.245807729574537, -51.672220946261156, 0.0 ], [ -69.245080064153086, -51.67207935015923, 0.0 ], [ -69.245070189862631, -51.67178784944749, 0.0 ], [ -69.245120024298146, -51.671735027218823, 0.0 ], [ -69.245783824097231, -51.671515557824002, 0.0 ], [ -69.245807729574537, -51.672220946261156, 0.0 ] ] ] ] } },
{ "type": "Feature", "properties": { "fid": 435, "manzana": "84", "evev": null }, "geometry": { "type": "MultiPolygon", "coordinates": [ [ [ [ -69.245775291085366, -51.671263765250302, 0.0 ], [ -69.245111438553906, -51.671483253238009, 0.0 ], [ -69.245059169342426, -51.671464188723874, 0.0 ], [ -69.24503455457392, -51.670737503577328, 0.0 ], [ -69.245091143589477, -51.670700803175897, 0.0 ], [ -69.245755918103654, -51.670692095334644, 0.0 ], [ -69.245775291085366, -51.671263765250302, 0.0 ] ] ] ] } },
{ "type": "Feature", "properties": { "fid": 436, "manzana": "4", "evev": null }, "geometry": { "type": "MultiPolygon", "coordinates": [ [ [ [ -69.24625543822755, -51.671105785106356, 0.0 ], [ -69.246203148456459, -51.671086697087439, 0.0 ], [ -69.246124314998298, -51.668760970974105, 0.0 ], [ -69.246150203343845, -51.668756782894995, 0.0 ], [ -69.247710679029353, -51.670584787634432, 0.0 ], [ -69.247686717621761, -51.670633398536737, 0.0 ], [ -69.24625543822755, -51.671105785106356, 0.0 ] ] ] ] } },
{ "type": "Feature", "properties": { "fid": 437, "manzana": "3", "evev": null }, "geometry": { "type": "MultiPolygon", "coordinates": [ [ [ [ -69.246122708271756, -51.668341161874501, 0.0 ], [ -69.246146670153422, -51.668292551271563, 0.0 ], [ -69.247576565428574, -51.667820593922265, 0.0 ], [ -69.247654739690645, -51.667835492934174, 0.0 ], [ -69.24949811318497, -51.669994814567595, 0.0 ], [ -69.249474154001007, -51.670043425836447, 0.0 ], [ -69.248044208618211, -51.670515406172484, 0.0 ], [ -69.247966029613238, -51.670500507432877, 0.0 ], [ -69.246122708271756, -51.668341161874501, 0.0 ] ] ] ] } },
{ "type": "Feature", "properties": { "fid": 438, "manzana": "2", "evev": null }, "geometry": { "type": "MultiPolygon", "coordinates": [ [ [ [ -69.247910074939057, -51.667751212834879, 0.0 ], [ -69.247934034597407, -51.667702601865372, 0.0 ], [ -69.249363892672932, -51.667230622759931, 0.0 ], [ -69.249442066501118, -51.66724552058438, 0.0 ], [ -69.251285500833163, -51.669404814304528, 0.0 ], [ -69.251261543872658, -51.669453425939885, 0.0 ], [ -69.249831635695941, -51.669925428032769, 0.0 ], [ -69.249753457124982, -51.669910530480749, 0.0 ], [ -69.247910074939057, -51.667751212834879, 0.0 ] ] ] ] } },
{ "type": "Feature", "properties": { "fid": 439, "manzana": "1", "evev": null }, "geometry": { "type": "MultiPolygon", "coordinates": [ [ [ [ -69.249697395106708, -51.667161236600229, 0.0 ], [ -69.249721352541854, -51.667112625264181, 0.0 ], [ -69.251151173417455, -51.666640624403982, 0.0 ], [ -69.251229346811584, -51.666655521040994, 0.0 ], [ -69.253072841973434, -51.668814786846966, 0.0 ], [ -69.253048887236304, -51.668863398848799, 0.0 ], [ -69.251619016266034, -51.669335422697188, 0.0 ], [ -69.251540838129202, -51.669320526332676, 0.0 ], [ -69.249697395106708, -51.667161236600229, 0.0 ] ] ] ] } },
{ "type": "Feature", "properties": { "fid": 440, "manzana": "Frac.3e", "evev": null }, "geometry": { "type": "MultiPolygon", "coordinates": [ [ [ [ -69.245892433151369, -51.662348552383207, 0.0 ], [ -69.247179345425664, -51.661923737675075, 0.0 ], [ -69.251051990078992, -51.666460537728661, 0.0 ], [ -69.246087318406111, -51.668099319120977, 0.0 ], [ -69.245892433151369, -51.662348552383207, 0.0 ] ] ] ] } },
{ "type": "Feature", "properties": { "fid": 441, "manzana": "Frac.3f", "evev": null }, "geometry": { "type": "MultiPolygon", "coordinates": [ [ [ [ -69.245824242586693, -51.660335990216474, 0.0 ], [ -69.247179345425664, -51.661923737675075, 0.0 ], [ -69.245892433151383, -51.662348552383207, 0.0 ], [ -69.245824242586693, -51.660335990216474, 0.0 ] ] ] ] } },
{ "type": "Feature", "properties": { "fid": 442, "manzana": "8", "evev": null }, "geometry": { "type": "MultiPolygon", "coordinates": [ [ [ [ -69.254035187533802, -51.672241870625228, 0.0 ], [ -69.254059142983905, -51.672193258449411, 0.0 ], [ -69.255489078363624, -51.671721205040122, 0.0 ], [ -69.255567261921698, -51.67173609876334, 0.0 ], [ -69.257985760733234, -51.674568084763919, 0.0 ], [ -69.2579577089585, -51.674589070427551, 0.0 ], [ -69.255655936124484, -51.67413983572731, 0.0 ], [ -69.254035187533802, -51.672241870625228, 0.0 ] ] ] ] } },
{ "type": "Feature", "properties": { "fid": 443, "manzana": "7", "evev": null }, "geometry": { "type": "MultiPolygon", "coordinates": [ [ [ [ -69.251002020008798, -51.673231370420034, 0.0 ], [ -69.250997925083041, -51.673203742875735, 0.0 ], [ -69.253701654487102, -51.672311269082236, 0.0 ], [ -69.253779838479716, -51.672326163993056, 0.0 ], [ -69.255236000744688, -51.674031411043799, 0.0 ], [ -69.255207948027504, -51.674052396054016, 0.0 ], [ -69.251002020008798, -51.673231370420034, 0.0 ] ] ] ] } },
{ "type": "Feature", "properties": { "fid": 444, "manzana": "5", "evev": null }, "geometry": { "type": "MultiPolygon", "coordinates": [ [ [ [ -69.246285481298244, -51.672030177066873, 0.0 ], [ -69.246233335757992, -51.671977209257662, 0.0 ], [ -69.24621922997521, -51.671561099427905, 0.0 ], [ -69.246269083342838, -51.671508300724554, 0.0 ], [ -69.247957807940878, -51.670950947466416, 0.0 ], [ -69.248035987719092, -51.670965846209313, 0.0 ], [ -69.249736675163561, -51.67295787009423, 0.0 ], [ -69.249708620561975, -51.672978853797453, 0.0 ], [ -69.248301714920885, -51.672704157427908, 0.0 ], [ -69.246285481298244, -51.672030177066873, 0.0 ] ] ] ] } },
{ "type": "Feature", "properties": { "fid": 445, "manzana": "6", "evev": null }, "geometry": { "type": "MultiPolygon", "coordinates": [ [ [ [ -69.248291339837024, -51.670881565304057, 0.0 ], [ -69.248315300727029, -51.67083295428116, 0.0 ], [ -69.249745253268173, -51.670360970661072, 0.0 ], [ -69.249823432612374, -51.670375868216396, 0.0 ], [ -69.251802576925641, -51.672693924474487, 0.0 ], [ -69.251778618796067, -51.67274253618956, 0.0 ], [ -69.250559425029323, -51.673144962385315, 0.0 ], [ -69.250156587543444, -51.673066314487805, 0.0 ], [ -69.248291339837024, -51.670881565304057, 0.0 ] ] ] ] } },
{ "type": "Feature", "properties": { "fid": 446, "manzana": "Frac.3d", "evev": null }, "geometry": { "type": "MultiPolygon", "coordinates": [ [ [ [ -69.255404572563194, -51.671545580093479, 0.0 ], [ -69.252085044829144, -51.672641389299358, 0.0 ], [ -69.250051667797294, -51.670259829049371, 0.0 ], [ -69.253371070921546, -51.669164077029066, 0.0 ], [ -69.255404572563194, -51.671545580093479, 0.0 ] ] ] ] } },
{ "type": "Feature", "properties": { "fid": 447, "manzana": null, "evev": "reserva" }, "geometry": { "type": "MultiPolygon", "coordinates": [ [ [ [ -69.281692716305741, -51.670909208966378, 0.0 ], [ -69.279524865037146, -51.670934484511598, 0.0 ], [ -69.279503202559667, -51.670215584499331, 0.0 ], [ -69.283515599620003, -51.67022506779719, 0.0 ], [ -69.283562276221588, -51.670301872854097, 0.0 ], [ -69.283646842415422, -51.670464459739058, 0.0 ], [ -69.283696830435858, -51.670602716657257, 0.0 ], [ -69.283728371468243, -51.670733583670582, 0.0 ], [ -69.283744609362344, -51.670864628980524, 0.0 ], [ -69.283742134981907, -51.670986403418404, 0.0 ], [ -69.283730670681649, -51.67111396908448, 0.0 ], [ -69.283706626893334, -51.671235343963502, 0.0 ], [ -69.283658012835701, -51.671350051142007, 0.0 ], [ -69.283591533083964, -51.671480141813085, 0.0 ], [ -69.283500932692988, -51.671621954912368, 0.0 ], [ -69.28341627960657, -51.671809656829772, 0.0 ], [ -69.28335597020137, -51.671944070394936, 0.0 ], [ -69.283303912635617, -51.672072662001334, 0.0 ], [ -69.283258103668146, -51.67219880596712, 0.0 ], [ -69.283227599537895, -51.672291856149336, 0.0 ], [ -69.283186538657318, -51.672433161896606, 0.0 ], [ -69.283159504028987, -51.672540653732668, 0.0 ], [ -69.283124174608204, -51.672710064770207, 0.0 ], [ -69.283087286444243, -51.672929714454618, 0.0 ], [ -69.283032028349822, -51.673094557223457, 0.0 ], [ -69.282982720825302, -51.673198962972009, 0.0 ], [ -69.282874892939773, -51.673347928710797, 0.0 ], [ -69.282746855355057, -51.673489147764016, 0.0 ], [ -69.282599139532593, -51.673606293609325, 0.0 ], [ -69.282435003972978, -51.673704149258086, 0.0 ], [ -69.282254157017604, -51.673785751117336, 0.0 ], [ -69.282098483874776, -51.673839402691684, 0.0 ], [ -69.281854824081492, -51.673898670588976, 0.0 ], [ -69.281581708032789, -51.673935666780409, 0.0 ], [ -69.281304017775298, -51.673991001304238, 0.0 ], [ -69.281060364980249, -51.674058881570701, 0.0 ], [ -69.280862116742441, -51.674129420712696, 0.0 ], [ -69.280698963734054, -51.674199513481092, 0.0 ], [ -69.28050838759566, -51.674297978971808, 0.0 ], [ -69.280387190352457, -51.674381968540132, 0.0 ], [ -69.280298506740067, -51.67447645008572, 0.0 ], [ -69.280233896868737, -51.674575065672506, 0.0 ], [ -69.280202660786117, -51.674650027473177, 0.0 ], [ -69.280184199827531, -51.674733872406193, 0.0 ], [ -69.280189052303001, -51.674835119371146, 0.0 ], [ -69.280174429004944, -51.674952337863452, 0.0 ], [ -69.280145072541856, -51.675028657810991, 0.0 ], [ -69.280079265710214, -51.675129594603931, 0.0 ], [ -69.27996579828357, -51.675238106384846, 0.0 ], [ -69.279790656903018, -51.675343412367539, 0.0 ], [ -69.279601846608998, -51.675420120068502, 0.0 ], [ -69.279445020811991, -51.675506269040504, 0.0 ], [ -69.27931829083235, -51.675610103872401, 0.0 ], [ -69.279236106845829, -51.675714194124176, 0.0 ], [ -69.279185130440865, -51.675825848452426, 0.0 ], [ -69.279167151924995, -51.675953673354471, 0.0 ], [ -69.279190493624313, -51.676082190046451, 0.0 ], [ -69.279251168244784, -51.676198368527913, 0.0 ], [ -69.279348988009588, -51.676315891083931, 0.0 ], [ -69.279472481411844, -51.676420204132206, 0.0 ], [ -69.279615500448202, -51.676505567978047, 0.0 ], [ -69.279772612880492, -51.676575303023533, 0.0 ], [ -69.279955649015022, -51.676632464853789, 0.0 ], [ -69.280134603079759, -51.676668462622708, 0.0 ], [ -69.280329170134536, -51.676688369088417, 0.0 ], [ -69.280518453287584, -51.676709227942546, 0.0 ], [ -69.280694409240226, -51.676753906016287, 0.0 ], [ -69.280877917700082, -51.67683509096338, 0.0 ], [ -69.281009835735574, -51.676929463869023, 0.0 ], [ -69.281117935619108, -51.677061309131687, 0.0 ], [ -69.281166399258439, -51.677202948653473, 0.0 ], [ -69.281159998851393, -51.677328126531805, 0.0 ], [ -69.281115761683978, -51.677438142993729, 0.0 ], [ -69.281000096891191, -51.677574803671746, 0.0 ], [ -69.280868552171668, -51.677666474489044, 0.0 ], [ -69.280729506741238, -51.677746425199821, 0.0 ], [ -69.280571615667, -51.677812969300291, 0.0 ], [ -69.280359988877208, -51.677872980870646, 0.0 ], [ -69.280161365671859, -51.677905088111146, 0.0 ], [ -69.279916804624008, -51.677916633141848, 0.0 ], [ -69.279709080796607, -51.677903121584663, 0.0 ], [ -69.279481945606832, -51.677862401256142, 0.0 ], [ -69.279301674048796, -51.677807712885908, 0.0 ], [ -69.279145450268672, -51.677733323574721, 0.0 ], [ -69.278951421079853, -51.677587323086954, 0.0 ], [ -69.278712689624555, -51.6774247463702, 0.0 ], [ -69.278462408831416, -51.677278617760386, 0.0 ], [ -69.278325920615615, -51.677215840124759, 0.0 ], [ -69.278121774296949, -51.677144809530496, 0.0 ], [ -69.277944117045564, -51.677101033011404, 0.0 ], [ -69.277737442928682, -51.677072572663313, 0.0 ], [ -69.27754334491047, -51.67705337887687, 0.0 ], [ -69.277295289499264, -51.67705872739748, 0.0 ], [ -69.277061305926694, -51.67707650757437, 0.0 ], [ -69.276736118836894, -51.677122550600863, 0.0 ], [ -69.276479879896598, -51.67717757706891, 0.0 ], [ -69.276240206082733, -51.677245671872328, 0.0 ], [ -69.276068346812522, -51.67730833593793, 0.0 ], [ -69.275886673747095, -51.677388749724749, 0.0 ], [ -69.275773092504593, -51.674798625134891, 0.0 ], [ -69.279639959185531, -51.674753639260516, 0.0 ], [ -69.279582409536573, -51.672844062215582, 0.0 ], [ -69.281717016186249, -51.672839052612147, 0.0 ], [ -69.281692716305741, -51.670909208966378, 0.0 ] ] ] ] } }
]
}
